fold_id,area,variable,elev_gap_m,elev_range_m,A1_mae,C4_mae,B_mae
taluka_296804,Chittaguppa,temperature_c,31.509852753951463,30.27790071898744,1.0955096527517654,0.7611263370348995,0.9630090322886725
taluka_296804,Chittaguppa,dewpoint_c,31.509852753951463,30.27790071898744,1.9859385977967146,1.0174577234235713,1.1459396915308326
taluka_296804,Chittaguppa,relative_humidity_pct,31.509852753951463,30.27790071898744,5.375905361875704,4.43702953175577,4.5632289684179455
taluka_296804,Chittaguppa,rainfall_mm,31.509852753951463,30.27790071898744,0.014541261652250965,0.016177312471048998,0.019465494617631765
taluka_296804,Chittaguppa,wind_speed_kmph,31.509852753951463,30.27790071898744,1.302623190292486,1.0233014842229677,1.0878820514225516
taluka_296820,Nidagundi,temperature_c,56.695106248579464,64.20631371053213,1.0778937391357937,0.6568497668660432,0.9008306802890119
taluka_296820,Nidagundi,dewpoint_c,56.695106248579464,64.20631371053213,1.5003665188242676,0.7648512134060597,0.8591732207763908
taluka_296820,Nidagundi,relative_humidity_pct,56.695106248579464,64.20631371053213,4.155031831072366,3.208217364096438,3.781531366839635
taluka_296820,Nidagundi,rainfall_mm,56.695106248579464,64.20631371053213,0.00848171843890828,0.009593566832849903,0.014131353756063548
taluka_296820,Nidagundi,wind_speed_kmph,56.695106248579464,64.20631371053213,1.1660577146513205,1.8784507946419775,2.130108362415617
taluka_6101,Ramanagara,temperature_c,167.10413079903253,117.75517512893293,1.0033935389688575,0.6134517557987571,0.839768298434213
taluka_6101,Ramanagara,dewpoint_c,167.10413079903253,117.75517512893293,1.2028349297789132,0.5787265228552795,0.5991240616500252
taluka_6101,Ramanagara,relative_humidity_pct,167.10413079903253,117.75517512893293,4.031828292448042,2.7057215155566743,3.5317026245318175
taluka_6101,Ramanagara,rainfall_mm,167.10413079903253,117.75517512893293,0.01394362607722074,0.014961447510348959,0.016941651817947087
taluka_6101,Ramanagara,wind_speed_kmph,167.10413079903253,117.75517512893293,1.4269902754677117,0.9137161198196594,0.9662901946598431
taluka_6108,Khanapur,temperature_c,115.87864619892525,220.63870553881952,0.986592134426353,0.7142734649768528,0.8844061668092587
taluka_6108,Khanapur,dewpoint_c,115.87864619892525,220.63870553881952,1.2772520268874268,0.6617390167137845,0.796695399055489
taluka_6108,Khanapur,relative_humidity_pct,115.87864619892525,220.63870553881952,4.207923505267186,2.9470526572585585,3.456636148849431
taluka_6108,Khanapur,rainfall_mm,115.87864619892525,220.63870553881952,0.015755514683922348,0.01881528793383347,0.018999462626592613
taluka_6108,Khanapur,wind_speed_kmph,115.87864619892525,220.63870553881952,1.6623577670833969,0.9326378471367065,1.0744266667304947
taluka_6112,Ballari,temperature_c,173.01503523867473,128.33530893962484,1.0486675405786243,0.6311856098517973,0.8830986991937992
taluka_6112,Ballari,dewpoint_c,173.01503523867473,128.33530893962484,1.6591590207619853,0.9128062649630819,0.9818689464314002
taluka_6112,Ballari,relative_humidity_pct,173.01503523867473,128.33530893962484,4.168687292684395,3.446898237948121,3.622359934822881
taluka_6112,Ballari,rainfall_mm,173.01503523867473,128.33530893962484,0.006414285714039116,0.007586625935144192,0.013197177329330343
taluka_6112,Ballari,wind_speed_kmph,173.01503523867473,128.33530893962484,1.2181076071245291,1.2079890791712504,1.3891894086074394
taluka_6142,Hiriyur,temperature_c,42.308916823906884,183.1282993614975,0.9990958375541862,0.5952782946706563,0.8125206048941745
taluka_6142,Hiriyur,dewpoint_c,42.308916823906884,183.1282993614975,1.311887895245642,0.7297308511369799,0.6979907679624826
taluka_6142,Hiriyur,relative_humidity_pct,42.308916823906884,183.1282993614975,3.849048816298267,2.7893235033670525,3.5158402206997192
taluka_6142,Hiriyur,rainfall_mm,42.308916823906884,183.1282993614975,0.008283510448031146,0.010222012696474839,0.013594644776358775
taluka_6142,Hiriyur,wind_speed_kmph,42.308916823906884,183.1282993614975,1.3646412728563468,0.9764988071668228,1.0321300691185855
taluka_6178,Arkalgud,temperature_c,313.1221918913402,143.6059926695931,0.9066747218688394,0.7527145407670768,0.8652499956203283
taluka_6178,Arkalgud,dewpoint_c,313.1221918913402,143.6059926695931,0.8813476113344538,0.8826134980434912,0.8455823861487767
taluka_6178,Arkalgud,relative_humidity_pct,313.1221918913402,143.6059926695931,3.8153533247717824,2.698740734475299,3.5089358682837712
taluka_6178,Arkalgud,rainfall_mm,313.1221918913402,143.6059926695931,0.012546270991492438,0.014783742254836446,0.015910810468864448
taluka_6178,Arkalgud,wind_speed_kmph,313.1221918913402,143.6059926695931,1.6137900823669984,1.0711066067664508,1.0619994434228792
taluka_6198,Chintamani,temperature_c,273.86122362841854,172.5620328781132,1.2525346525330923,0.6621309204502217,0.8668083082482505
taluka_6198,Chintamani,dewpoint_c,273.86122362841854,172.5620328781132,1.6536035652763565,0.7429648829323102,0.7362884091142973
taluka_6198,Chintamani,relative_humidity_pct,273.86122362841854,172.5620328781132,4.093065798486399,3.2991473416604467,3.6040622575943297
taluka_6198,Chintamani,rainfall_mm,273.86122362841854,172.5620328781132,0.012860430476383836,0.013853334325264753,0.015796589212376044
taluka_6198,Chintamani,wind_speed_kmph,273.86122362841854,172.5620328781132,1.365475949299608,1.1152637921938677,1.11167319092446
taluka_6234,Sorab,temperature_c,3.325919752008531,115.03807375889676,0.8330881015512199,0.5949662926960816,0.7754552065136745
taluka_6234,Sorab,dewpoint_c,3.325919752008531,115.03807375889676,1.0429031876844022,0.6416878777570134,0.7688342080144447
taluka_6234,Sorab,relative_humidity_pct,3.325919752008531,115.03807375889676,3.619087096369627,2.5536738832865487,3.3955343442008266
taluka_6234,Sorab,rainfall_mm,3.325919752008531,115.03807375889676,0.01871963545562725,0.019815220026146975,0.022039562665157438
taluka_6234,Sorab,wind_speed_kmph,3.325919752008531,115.03807375889676,1.602042826561894,1.101289185478346,1.130770915037834
taluka_6246,Karkal,temperature_c,548.6811975690632,277.84467320987284,0.8159580643781458,0.575176561574422,0.8283975361731982
taluka_6246,Karkal,dewpoint_c,548.6811975690632,277.84467320987284,0.6732987812209376,0.5726761300149279,0.6900271080399417
taluka_6246,Karkal,relative_humidity_pct,548.6811975690632,277.84467320987284,4.14528327468272,2.6279714577105486,3.645807725357857
taluka_6246,Karkal,rainfall_mm,548.6811975690632,277.84467320987284,0.04089978861751368,0.0570133408957282,0.044657730754594144
taluka_6246,Karkal,wind_speed_kmph,548.6811975690632,277.84467320987284,1.3190268361510062,0.9937091456910223,1.241640103176895
taluka_6253,Karwar,temperature_c,483.4939207376593,357.5021380774682,0.8768522153731155,0.6344401421866205,0.8458297703041645
taluka_6253,Karwar,dewpoint_c,483.4939207376593,357.5021380774682,0.7604460143445743,0.6812997724826844,0.6847219649523193
taluka_6253,Karwar,relative_humidity_pct,483.4939207376593,357.5021380774682,4.4055392731596745,2.7802990856932785,3.9753640664428915
taluka_6253,Karwar,rainfall_mm,483.4939207376593,357.5021380774682,0.016021446888842338,0.02882304613486525,0.019637980258927358
taluka_6253,Karwar,wind_speed_kmph,483.4939207376593,357.5021380774682,1.391930442443552,1.0301702027211435,0.9635299821399196
