fold_id,held_out,district,region,n_panchayats,n_cells,elev_min_m,elev_max_m,karwar_exception,variable,method,n,mae,rmse,bias,invalid_predictions,unit
cellblock_0,Chittaguppa+Khanapur+Arkalgud+Chintamani+Sorab+Karkal,Bidar+Belagavi+Hassan+Chikballapur+Shivamogga+Udupi,coastal_inland_coast+eastern_plateau+northern_dry_plains+southern_plateau+western_ghats_malnad,53,20,14.008520926547353,878.1726537133433,False,temperature_c,A1_bilinear,464280,0.9627651738225692,1.1992437681461163,0.5202669402926253,0,degC
cellblock_0,Chittaguppa+Khanapur+Arkalgud+Chintamani+Sorab+Karkal,Bidar+Belagavi+Hassan+Chikballapur+Shivamogga+Udupi,coastal_inland_coast+eastern_plateau+northern_dry_plains+southern_plateau+western_ghats_malnad,53,20,14.008520926547353,878.1726537133433,False,temperature_c,A2_nearest,464280,0.9514239717024883,1.1946383855112084,0.4457406516036928,0,degC
cellblock_0,Chittaguppa+Khanapur+Arkalgud+Chintamani+Sorab+Karkal,Bidar+Belagavi+Hassan+Chikballapur+Shivamogga+Udupi,coastal_inland_coast+eastern_plateau+northern_dry_plains+southern_plateau+western_ghats_malnad,53,20,14.008520926547353,878.1726537133433,False,temperature_c,B_ridge,464280,0.8701508482477722,1.1235903864917318,-0.3059151049026635,0,degC
cellblock_0,Chittaguppa+Khanapur+Arkalgud+Chintamani+Sorab+Karkal,Bidar+Belagavi+Hassan+Chikballapur+Shivamogga+Udupi,coastal_inland_coast+eastern_plateau+northern_dry_plains+southern_plateau+western_ghats_malnad,53,20,14.008520926547353,878.1726537133433,False,temperature_c,C1,464280,0.8131765604905096,1.055965574720162,-0.17919586306619806,0,degC
cellblock_0,Chittaguppa+Khanapur+Arkalgud+Chintamani+Sorab+Karkal,Bidar+Belagavi+Hassan+Chikballapur+Shivamogga+Udupi,coastal_inland_coast+eastern_plateau+northern_dry_plains+southern_plateau+western_ghats_malnad,53,20,14.008520926547353,878.1726537133433,False,temperature_c,C2,464280,0.811720708571988,1.0609256713298594,-0.31027687043577207,0,degC
cellblock_0,Chittaguppa+Khanapur+Arkalgud+Chintamani+Sorab+Karkal,Bidar+Belagavi+Hassan+Chikballapur+Shivamogga+Udupi,coastal_inland_coast+eastern_plateau+northern_dry_plains+southern_plateau+western_ghats_malnad,53,20,14.008520926547353,878.1726537133433,False,temperature_c,C3,464280,0.8080493426557911,1.0559998001657909,-0.2966925618265185,0,degC
cellblock_0,Chittaguppa+Khanapur+Arkalgud+Chintamani+Sorab+Karkal,Bidar+Belagavi+Hassan+Chikballapur+Shivamogga+Udupi,coastal_inland_coast+eastern_plateau+northern_dry_plains+southern_plateau+western_ghats_malnad,53,20,14.008520926547353,878.1726537133433,False,temperature_c,C4,464280,0.6954100291464348,0.9148460350500127,-0.4023963725185196,0,degC
cellblock_0,Chittaguppa+Khanapur+Arkalgud+Chintamani+Sorab+Karkal,Bidar+Belagavi+Hassan+Chikballapur+Shivamogga+Udupi,coastal_inland_coast+eastern_plateau+northern_dry_plains+southern_plateau+western_ghats_malnad,53,20,14.008520926547353,878.1726537133433,False,dewpoint_c,A1_bilinear,464280,1.2268189926430124,1.6221405858737512,1.103640444760405,0,degC
cellblock_0,Chittaguppa+Khanapur+Arkalgud+Chintamani+Sorab+Karkal,Bidar+Belagavi+Hassan+Chikballapur+Shivamogga+Udupi,coastal_inland_coast+eastern_plateau+northern_dry_plains+southern_plateau+western_ghats_malnad,53,20,14.008520926547353,878.1726537133433,False,dewpoint_c,A2_nearest,464280,1.3213808140048502,1.7558358142051735,1.1779253077135228,0,degC
cellblock_0,Chittaguppa+Khanapur+Arkalgud+Chintamani+Sorab+Karkal,Bidar+Belagavi+Hassan+Chikballapur+Shivamogga+Udupi,coastal_inland_coast+eastern_plateau+northern_dry_plains+southern_plateau+western_ghats_malnad,53,20,14.008520926547353,878.1726537133433,False,dewpoint_c,B_ridge,464280,0.7921008552972071,1.109919719547586,-0.01305225219058856,0,degC
cellblock_0,Chittaguppa+Khanapur+Arkalgud+Chintamani+Sorab+Karkal,Bidar+Belagavi+Hassan+Chikballapur+Shivamogga+Udupi,coastal_inland_coast+eastern_plateau+northern_dry_plains+southern_plateau+western_ghats_malnad,53,20,14.008520926547353,878.1726537133433,False,dewpoint_c,C1,464280,0.6808863961328385,0.9501692386968682,0.056502232830776815,0,degC
cellblock_0,Chittaguppa+Khanapur+Arkalgud+Chintamani+Sorab+Karkal,Bidar+Belagavi+Hassan+Chikballapur+Shivamogga+Udupi,coastal_inland_coast+eastern_plateau+northern_dry_plains+southern_plateau+western_ghats_malnad,53,20,14.008520926547353,878.1726537133433,False,dewpoint_c,C2,464280,0.687855232606301,0.9629109449523136,-0.1203420956132937,0,degC
cellblock_0,Chittaguppa+Khanapur+Arkalgud+Chintamani+Sorab+Karkal,Bidar+Belagavi+Hassan+Chikballapur+Shivamogga+Udupi,coastal_inland_coast+eastern_plateau+northern_dry_plains+southern_plateau+western_ghats_malnad,53,20,14.008520926547353,878.1726537133433,False,dewpoint_c,C3,464280,0.6862074463779535,0.9625614889199244,-0.1151118290669169,0,degC
cellblock_0,Chittaguppa+Khanapur+Arkalgud+Chintamani+Sorab+Karkal,Bidar+Belagavi+Hassan+Chikballapur+Shivamogga+Udupi,coastal_inland_coast+eastern_plateau+northern_dry_plains+southern_plateau+western_ghats_malnad,53,20,14.008520926547353,878.1726537133433,False,dewpoint_c,C4,464280,0.689531803371254,0.9728312806341165,-0.07868959073686234,0,degC
cellblock_0,Chittaguppa+Khanapur+Arkalgud+Chintamani+Sorab+Karkal,Bidar+Belagavi+Hassan+Chikballapur+Shivamogga+Udupi,coastal_inland_coast+eastern_plateau+northern_dry_plains+southern_plateau+western_ghats_malnad,53,20,14.008520926547353,878.1726537133433,False,relative_humidity_pct,A1_bilinear,464280,4.168153231036518,5.280315206572985,1.1448101317264139,0,%
cellblock_0,Chittaguppa+Khanapur+Arkalgud+Chintamani+Sorab+Karkal,Bidar+Belagavi+Hassan+Chikballapur+Shivamogga+Udupi,coastal_inland_coast+eastern_plateau+northern_dry_plains+southern_plateau+western_ghats_malnad,53,20,14.008520926547353,878.1726537133433,False,relative_humidity_pct,A2_nearest,464280,4.492447542578941,5.815777859498839,1.749832204709677,0,%
cellblock_0,Chittaguppa+Khanapur+Arkalgud+Chintamani+Sorab+Karkal,Bidar+Belagavi+Hassan+Chikballapur+Shivamogga+Udupi,coastal_inland_coast+eastern_plateau+northern_dry_plains+southern_plateau+western_ghats_malnad,53,20,14.008520926547353,878.1726537133433,False,relative_humidity_pct,B_ridge,464280,3.5327169770473827,4.642937851029059,0.8027420934857389,11826,%
cellblock_0,Chittaguppa+Khanapur+Arkalgud+Chintamani+Sorab+Karkal,Bidar+Belagavi+Hassan+Chikballapur+Shivamogga+Udupi,coastal_inland_coast+eastern_plateau+northern_dry_plains+southern_plateau+western_ghats_malnad,53,20,14.008520926547353,878.1726537133433,False,relative_humidity_pct,C1,464280,3.40130682774094,4.515982442369819,0.6536217339050516,0,%
cellblock_0,Chittaguppa+Khanapur+Arkalgud+Chintamani+Sorab+Karkal,Bidar+Belagavi+Hassan+Chikballapur+Shivamogga+Udupi,coastal_inland_coast+eastern_plateau+northern_dry_plains+southern_plateau+western_ghats_malnad,53,20,14.008520926547353,878.1726537133433,False,relative_humidity_pct,C2,464280,3.448457506494276,4.53607686919179,0.4864027991081531,0,%
cellblock_0,Chittaguppa+Khanapur+Arkalgud+Chintamani+Sorab+Karkal,Bidar+Belagavi+Hassan+Chikballapur+Shivamogga+Udupi,coastal_inland_coast+eastern_plateau+northern_dry_plains+southern_plateau+western_ghats_malnad,53,20,14.008520926547353,878.1726537133433,False,relative_humidity_pct,C3,464280,3.431357199750873,4.5190712830937665,0.45661743956002915,0,%
cellblock_0,Chittaguppa+Khanapur+Arkalgud+Chintamani+Sorab+Karkal,Bidar+Belagavi+Hassan+Chikballapur+Shivamogga+Udupi,coastal_inland_coast+eastern_plateau+northern_dry_plains+southern_plateau+western_ghats_malnad,53,20,14.008520926547353,878.1726537133433,False,relative_humidity_pct,C4,464280,2.9628067687969843,3.9677431589379943,0.8750187910630852,111,%
cellblock_0,Chittaguppa+Khanapur+Arkalgud+Chintamani+Sorab+Karkal,Bidar+Belagavi+Hassan+Chikballapur+Shivamogga+Udupi,coastal_inland_coast+eastern_plateau+northern_dry_plains+southern_plateau+western_ghats_malnad,53,20,14.008520926547353,878.1726537133433,False,rainfall_mm,A1_bilinear,464280,0.018857097626124766,0.07317902038422114,0.002787813980112508,0,mm/hour
cellblock_0,Chittaguppa+Khanapur+Arkalgud+Chintamani+Sorab+Karkal,Bidar+Belagavi+Hassan+Chikballapur+Shivamogga+Udupi,coastal_inland_coast+eastern_plateau+northern_dry_plains+southern_plateau+western_ghats_malnad,53,20,14.008520926547353,878.1726537133433,False,rainfall_mm,A2_nearest,464280,0.03314736040950934,0.12655470648263978,0.007902577685655948,0,mm/hour
cellblock_0,Chittaguppa+Khanapur+Arkalgud+Chintamani+Sorab+Karkal,Bidar+Belagavi+Hassan+Chikballapur+Shivamogga+Udupi,coastal_inland_coast+eastern_plateau+northern_dry_plains+southern_plateau+western_ghats_malnad,53,20,14.008520926547353,878.1726537133433,False,rainfall_mm,B_ridge,464280,0.022178404135894968,0.07242769465235029,0.0013179301518279243,279572,mm/hour
cellblock_0,Chittaguppa+Khanapur+Arkalgud+Chintamani+Sorab+Karkal,Bidar+Belagavi+Hassan+Chikballapur+Shivamogga+Udupi,coastal_inland_coast+eastern_plateau+northern_dry_plains+southern_plateau+western_ghats_malnad,53,20,14.008520926547353,878.1726537133433,False,rainfall_mm,C1,464280,0.021678205463936125,0.11197880211427554,0.00036896446917923366,71785,mm/hour
cellblock_0,Chittaguppa+Khanapur+Arkalgud+Chintamani+Sorab+Karkal,Bidar+Belagavi+Hassan+Chikballapur+Shivamogga+Udupi,coastal_inland_coast+eastern_plateau+northern_dry_plains+southern_plateau+western_ghats_malnad,53,20,14.008520926547353,878.1726537133433,False,rainfall_mm,C2,464280,0.021367069142216904,0.10713883035439697,0.001249446455586751,35795,mm/hour
cellblock_0,Chittaguppa+Khanapur+Arkalgud+Chintamani+Sorab+Karkal,Bidar+Belagavi+Hassan+Chikballapur+Shivamogga+Udupi,coastal_inland_coast+eastern_plateau+northern_dry_plains+southern_plateau+western_ghats_malnad,53,20,14.008520926547353,878.1726537133433,False,rainfall_mm,C3,464280,0.021192040658157232,0.10603154785586685,0.001306230396432097,27436,mm/hour
cellblock_0,Chittaguppa+Khanapur+Arkalgud+Chintamani+Sorab+Karkal,Bidar+Belagavi+Hassan+Chikballapur+Shivamogga+Udupi,coastal_inland_coast+eastern_plateau+northern_dry_plains+southern_plateau+western_ghats_malnad,53,20,14.008520926547353,878.1726537133433,False,rainfall_mm,C4,464280,0.02111755787016853,0.10346647407208444,0.000396059684733751,42504,mm/hour
cellblock_0,Chittaguppa+Khanapur+Arkalgud+Chintamani+Sorab+Karkal,Bidar+Belagavi+Hassan+Chikballapur+Shivamogga+Udupi,coastal_inland_coast+eastern_plateau+northern_dry_plains+southern_plateau+western_ghats_malnad,53,20,14.008520926547353,878.1726537133433,False,wind_speed_kmph,A1_bilinear,464280,1.60431614996058,2.0929916313278896,1.2699304430287555,0,km/h
cellblock_0,Chittaguppa+Khanapur+Arkalgud+Chintamani+Sorab+Karkal,Bidar+Belagavi+Hassan+Chikballapur+Shivamogga+Udupi,coastal_inland_coast+eastern_plateau+northern_dry_plains+southern_plateau+western_ghats_malnad,53,20,14.008520926547353,878.1726537133433,False,wind_speed_kmph,A2_nearest,464280,1.6899814727005302,2.219930957138742,1.1717496051122644,0,km/h
cellblock_0,Chittaguppa+Khanapur+Arkalgud+Chintamani+Sorab+Karkal,Bidar+Belagavi+Hassan+Chikballapur+Shivamogga+Udupi,coastal_inland_coast+eastern_plateau+northern_dry_plains+southern_plateau+western_ghats_malnad,53,20,14.008520926547353,878.1726537133433,False,wind_speed_kmph,B_ridge,464280,1.1234523837715187,1.5392519151519997,0.4031158034130215,15,km/h
cellblock_0,Chittaguppa+Khanapur+Arkalgud+Chintamani+Sorab+Karkal,Bidar+Belagavi+Hassan+Chikballapur+Shivamogga+Udupi,coastal_inland_coast+eastern_plateau+northern_dry_plains+southern_plateau+western_ghats_malnad,53,20,14.008520926547353,878.1726537133433,False,wind_speed_kmph,C1,464280,1.0559223001151694,1.4090812828921935,0.281802904509372,0,km/h
cellblock_0,Chittaguppa+Khanapur+Arkalgud+Chintamani+Sorab+Karkal,Bidar+Belagavi+Hassan+Chikballapur+Shivamogga+Udupi,coastal_inland_coast+eastern_plateau+northern_dry_plains+southern_plateau+western_ghats_malnad,53,20,14.008520926547353,878.1726537133433,False,wind_speed_kmph,C2,464280,0.9804876793962776,1.3315825031535193,0.03449555912981998,0,km/h
cellblock_0,Chittaguppa+Khanapur+Arkalgud+Chintamani+Sorab+Karkal,Bidar+Belagavi+Hassan+Chikballapur+Shivamogga+Udupi,coastal_inland_coast+eastern_plateau+northern_dry_plains+southern_plateau+western_ghats_malnad,53,20,14.008520926547353,878.1726537133433,False,wind_speed_kmph,C3,464280,0.9793976162879667,1.3313999011555322,0.01377762802808647,0,km/h
cellblock_0,Chittaguppa+Khanapur+Arkalgud+Chintamani+Sorab+Karkal,Bidar+Belagavi+Hassan+Chikballapur+Shivamogga+Udupi,coastal_inland_coast+eastern_plateau+northern_dry_plains+southern_plateau+western_ghats_malnad,53,20,14.008520926547353,878.1726537133433,False,wind_speed_kmph,C4,464280,0.9635922502869081,1.3159139715289079,0.013289989838290264,0,km/h
cellblock_1,Chittaguppa+Khanapur+Hiriyur+Arkalgud+Chintamani+Karkal+Karwar,Bidar+Belagavi+Chitradurga+Hassan+Chikballapur+Udupi+Uttara Kannada,central_plateau+coastal_inland_coast+eastern_plateau+northern_dry_plains+southern_plateau+western_ghats_malnad,71,24,9.061637792987284,954.846440160336,True,temperature_c,A1_bilinear,621960,0.9929994938034824,1.2512427650324838,0.5579959259965429,0,degC
cellblock_1,Chittaguppa+Khanapur+Hiriyur+Arkalgud+Chintamani+Karkal+Karwar,Bidar+Belagavi+Chitradurga+Hassan+Chikballapur+Udupi+Uttara Kannada,central_plateau+coastal_inland_coast+eastern_plateau+northern_dry_plains+southern_plateau+western_ghats_malnad,71,24,9.061637792987284,954.846440160336,True,temperature_c,A2_nearest,621960,1.0264233430625311,1.3000386987021473,0.5215897798768209,0,degC
cellblock_1,Chittaguppa+Khanapur+Hiriyur+Arkalgud+Chintamani+Karkal+Karwar,Bidar+Belagavi+Chitradurga+Hassan+Chikballapur+Udupi+Uttara Kannada,central_plateau+coastal_inland_coast+eastern_plateau+northern_dry_plains+southern_plateau+western_ghats_malnad,71,24,9.061637792987284,954.846440160336,True,temperature_c,B_ridge,621960,0.8524742710777384,1.1096179446554426,-0.2253668594539065,0,degC
cellblock_1,Chittaguppa+Khanapur+Hiriyur+Arkalgud+Chintamani+Karkal+Karwar,Bidar+Belagavi+Chitradurga+Hassan+Chikballapur+Udupi+Uttara Kannada,central_plateau+coastal_inland_coast+eastern_plateau+northern_dry_plains+southern_plateau+western_ghats_malnad,71,24,9.061637792987284,954.846440160336,True,temperature_c,C1,621960,0.8304419296755808,1.091794873777989,-0.07903570308457711,0,degC
cellblock_1,Chittaguppa+Khanapur+Hiriyur+Arkalgud+Chintamani+Karkal+Karwar,Bidar+Belagavi+Chitradurga+Hassan+Chikballapur+Udupi+Uttara Kannada,central_plateau+coastal_inland_coast+eastern_plateau+northern_dry_plains+southern_plateau+western_ghats_malnad,71,24,9.061637792987284,954.846440160336,True,temperature_c,C2,621960,0.8146956636221838,1.060839490978347,-0.2397627392430147,0,degC
cellblock_1,Chittaguppa+Khanapur+Hiriyur+Arkalgud+Chintamani+Karkal+Karwar,Bidar+Belagavi+Chitradurga+Hassan+Chikballapur+Udupi+Uttara Kannada,central_plateau+coastal_inland_coast+eastern_plateau+northern_dry_plains+southern_plateau+western_ghats_malnad,71,24,9.061637792987284,954.846440160336,True,temperature_c,C3,621960,0.8139612482920521,1.060856846372935,-0.22636758111429195,0,degC
cellblock_1,Chittaguppa+Khanapur+Hiriyur+Arkalgud+Chintamani+Karkal+Karwar,Bidar+Belagavi+Chitradurga+Hassan+Chikballapur+Udupi+Uttara Kannada,central_plateau+coastal_inland_coast+eastern_plateau+northern_dry_plains+southern_plateau+western_ghats_malnad,71,24,9.061637792987284,954.846440160336,True,temperature_c,C4,621960,0.6445236499515558,0.8330006330358884,-0.296640522949566,0,degC
cellblock_1,Chittaguppa+Khanapur+Hiriyur+Arkalgud+Chintamani+Karkal+Karwar,Bidar+Belagavi+Chitradurga+Hassan+Chikballapur+Udupi+Uttara Kannada,central_plateau+coastal_inland_coast+eastern_plateau+northern_dry_plains+southern_plateau+western_ghats_malnad,71,24,9.061637792987284,954.846440160336,True,dewpoint_c,A1_bilinear,621960,1.1048517026975442,1.4841004494523937,0.975531238773517,0,degC
cellblock_1,Chittaguppa+Khanapur+Hiriyur+Arkalgud+Chintamani+Karkal+Karwar,Bidar+Belagavi+Chitradurga+Hassan+Chikballapur+Udupi+Uttara Kannada,central_plateau+coastal_inland_coast+eastern_plateau+northern_dry_plains+southern_plateau+western_ghats_malnad,71,24,9.061637792987284,954.846440160336,True,dewpoint_c,A2_nearest,621960,1.1566746812747202,1.5418809693196138,0.921595159559221,0,degC
cellblock_1,Chittaguppa+Khanapur+Hiriyur+Arkalgud+Chintamani+Karkal+Karwar,Bidar+Belagavi+Chitradurga+Hassan+Chikballapur+Udupi+Uttara Kannada,central_plateau+coastal_inland_coast+eastern_plateau+northern_dry_plains+southern_plateau+western_ghats_malnad,71,24,9.061637792987284,954.846440160336,True,dewpoint_c,B_ridge,621960,0.7376703535581053,1.0136259528798914,-0.07690053135800083,0,degC
cellblock_1,Chittaguppa+Khanapur+Hiriyur+Arkalgud+Chintamani+Karkal+Karwar,Bidar+Belagavi+Chitradurga+Hassan+Chikballapur+Udupi+Uttara Kannada,central_plateau+coastal_inland_coast+eastern_plateau+northern_dry_plains+southern_plateau+western_ghats_malnad,71,24,9.061637792987284,954.846440160336,True,dewpoint_c,C1,621960,0.6654632801720448,0.9193614888875553,0.0353811469601465,0,degC
cellblock_1,Chittaguppa+Khanapur+Hiriyur+Arkalgud+Chintamani+Karkal+Karwar,Bidar+Belagavi+Chitradurga+Hassan+Chikballapur+Udupi+Uttara Kannada,central_plateau+coastal_inland_coast+eastern_plateau+northern_dry_plains+southern_plateau+western_ghats_malnad,71,24,9.061637792987284,954.846440160336,True,dewpoint_c,C2,621960,0.6921187063877546,0.950210219634377,-0.17547574105374594,0,degC
cellblock_1,Chittaguppa+Khanapur+Hiriyur+Arkalgud+Chintamani+Karkal+Karwar,Bidar+Belagavi+Chitradurga+Hassan+Chikballapur+Udupi+Uttara Kannada,central_plateau+coastal_inland_coast+eastern_plateau+northern_dry_plains+southern_plateau+western_ghats_malnad,71,24,9.061637792987284,954.846440160336,True,dewpoint_c,C3,621960,0.6873176963632498,0.9404150974046824,-0.1615641550988206,0,degC
cellblock_1,Chittaguppa+Khanapur+Hiriyur+Arkalgud+Chintamani+Karkal+Karwar,Bidar+Belagavi+Chitradurga+Hassan+Chikballapur+Udupi+Uttara Kannada,central_plateau+coastal_inland_coast+eastern_plateau+northern_dry_plains+southern_plateau+western_ghats_malnad,71,24,9.061637792987284,954.846440160336,True,dewpoint_c,C4,621960,0.7023631657447339,0.9761160462782074,-0.11697030078860145,0,degC
cellblock_1,Chittaguppa+Khanapur+Hiriyur+Arkalgud+Chintamani+Karkal+Karwar,Bidar+Belagavi+Chitradurga+Hassan+Chikballapur+Udupi+Uttara Kannada,central_plateau+coastal_inland_coast+eastern_plateau+northern_dry_plains+southern_plateau+western_ghats_malnad,71,24,9.061637792987284,954.846440160336,True,relative_humidity_pct,A1_bilinear,621960,4.0428616278471665,5.163933798760094,0.7764571426307816,0,%
cellblock_1,Chittaguppa+Khanapur+Hiriyur+Arkalgud+Chintamani+Karkal+Karwar,Bidar+Belagavi+Chitradurga+Hassan+Chikballapur+Udupi+Uttara Kannada,central_plateau+coastal_inland_coast+eastern_plateau+northern_dry_plains+southern_plateau+western_ghats_malnad,71,24,9.061637792987284,954.846440160336,True,relative_humidity_pct,A2_nearest,621960,4.208280258840021,5.444497211351033,0.8100817393111641,0,%
cellblock_1,Chittaguppa+Khanapur+Hiriyur+Arkalgud+Chintamani+Karkal+Karwar,Bidar+Belagavi+Chitradurga+Hassan+Chikballapur+Udupi+Uttara Kannada,central_plateau+coastal_inland_coast+eastern_plateau+northern_dry_plains+southern_plateau+western_ghats_malnad,71,24,9.061637792987284,954.846440160336,True,relative_humidity_pct,B_ridge,621960,3.6195873828149976,4.741932764091246,0.48928715769131964,6351,%
cellblock_1,Chittaguppa+Khanapur+Hiriyur+Arkalgud+Chintamani+Karkal+Karwar,Bidar+Belagavi+Chitradurga+Hassan+Chikballapur+Udupi+Uttara Kannada,central_plateau+coastal_inland_coast+eastern_plateau+northern_dry_plains+southern_plateau+western_ghats_malnad,71,24,9.061637792987284,954.846440160336,True,relative_humidity_pct,C1,621960,3.483528312367264,4.570008528189992,0.28460631917040713,0,%
cellblock_1,Chittaguppa+Khanapur+Hiriyur+Arkalgud+Chintamani+Karkal+Karwar,Bidar+Belagavi+Chitradurga+Hassan+Chikballapur+Udupi+Uttara Kannada,central_plateau+coastal_inland_coast+eastern_plateau+northern_dry_plains+southern_plateau+western_ghats_malnad,71,24,9.061637792987284,954.846440160336,True,relative_humidity_pct,C2,621960,3.465499768932826,4.546482428680358,0.009316885427718994,42,%
cellblock_1,Chittaguppa+Khanapur+Hiriyur+Arkalgud+Chintamani+Karkal+Karwar,Bidar+Belagavi+Chitradurga+Hassan+Chikballapur+Udupi+Uttara Kannada,central_plateau+coastal_inland_coast+eastern_plateau+northern_dry_plains+southern_plateau+western_ghats_malnad,71,24,9.061637792987284,954.846440160336,True,relative_humidity_pct,C3,621960,3.4515722155124795,4.532035084347865,0.06470766415946719,19,%
cellblock_1,Chittaguppa+Khanapur+Hiriyur+Arkalgud+Chintamani+Karkal+Karwar,Bidar+Belagavi+Chitradurga+Hassan+Chikballapur+Udupi+Uttara Kannada,central_plateau+coastal_inland_coast+eastern_plateau+northern_dry_plains+southern_plateau+western_ghats_malnad,71,24,9.061637792987284,954.846440160336,True,relative_humidity_pct,C4,621960,2.8216651557251375,3.7591206270566717,0.47441445483288364,135,%
cellblock_1,Chittaguppa+Khanapur+Hiriyur+Arkalgud+Chintamani+Karkal+Karwar,Bidar+Belagavi+Chitradurga+Hassan+Chikballapur+Udupi+Uttara Kannada,central_plateau+coastal_inland_coast+eastern_plateau+northern_dry_plains+southern_plateau+western_ghats_malnad,71,24,9.061637792987284,954.846440160336,True,rainfall_mm,A1_bilinear,621960,0.015017323265174333,0.06602522716871333,-0.00012759393938822865,0,mm/hour
cellblock_1,Chittaguppa+Khanapur+Hiriyur+Arkalgud+Chintamani+Karkal+Karwar,Bidar+Belagavi+Chitradurga+Hassan+Chikballapur+Udupi+Uttara Kannada,central_plateau+coastal_inland_coast+eastern_plateau+northern_dry_plains+southern_plateau+western_ghats_malnad,71,24,9.061637792987284,954.846440160336,True,rainfall_mm,A2_nearest,621960,0.033757649726890555,0.14116131823760483,0.0005553464280913009,0,mm/hour
cellblock_1,Chittaguppa+Khanapur+Hiriyur+Arkalgud+Chintamani+Karkal+Karwar,Bidar+Belagavi+Chitradurga+Hassan+Chikballapur+Udupi+Uttara Kannada,central_plateau+coastal_inland_coast+eastern_plateau+northern_dry_plains+southern_plateau+western_ghats_malnad,71,24,9.061637792987284,954.846440160336,True,rainfall_mm,B_ridge,621960,0.020820360369214166,0.06613025319084687,-0.004127398060115294,372086,mm/hour
cellblock_1,Chittaguppa+Khanapur+Hiriyur+Arkalgud+Chintamani+Karkal+Karwar,Bidar+Belagavi+Chitradurga+Hassan+Chikballapur+Udupi+Uttara Kannada,central_plateau+coastal_inland_coast+eastern_plateau+northern_dry_plains+southern_plateau+western_ghats_malnad,71,24,9.061637792987284,954.846440160336,True,rainfall_mm,C1,621960,0.019007227241739488,0.10850233796879767,-0.0015561910566217975,44907,mm/hour
cellblock_1,Chittaguppa+Khanapur+Hiriyur+Arkalgud+Chintamani+Karkal+Karwar,Bidar+Belagavi+Chitradurga+Hassan+Chikballapur+Udupi+Uttara Kannada,central_plateau+coastal_inland_coast+eastern_plateau+northern_dry_plains+southern_plateau+western_ghats_malnad,71,24,9.061637792987284,954.846440160336,True,rainfall_mm,C2,621960,0.01974838055946902,0.11215274880204838,0.001097667747222617,185164,mm/hour
cellblock_1,Chittaguppa+Khanapur+Hiriyur+Arkalgud+Chintamani+Karkal+Karwar,Bidar+Belagavi+Chitradurga+Hassan+Chikballapur+Udupi+Uttara Kannada,central_plateau+coastal_inland_coast+eastern_plateau+northern_dry_plains+southern_plateau+western_ghats_malnad,71,24,9.061637792987284,954.846440160336,True,rainfall_mm,C3,621960,0.01987629183215495,0.11155255366462591,0.0014145062384700751,196288,mm/hour
cellblock_1,Chittaguppa+Khanapur+Hiriyur+Arkalgud+Chintamani+Karkal+Karwar,Bidar+Belagavi+Chitradurga+Hassan+Chikballapur+Udupi+Uttara Kannada,central_plateau+coastal_inland_coast+eastern_plateau+northern_dry_plains+southern_plateau+western_ghats_malnad,71,24,9.061637792987284,954.846440160336,True,rainfall_mm,C4,621960,0.01983608302940082,0.11226261227671,0.0007583259250023653,176126,mm/hour
cellblock_1,Chittaguppa+Khanapur+Hiriyur+Arkalgud+Chintamani+Karkal+Karwar,Bidar+Belagavi+Chitradurga+Hassan+Chikballapur+Udupi+Uttara Kannada,central_plateau+coastal_inland_coast+eastern_plateau+northern_dry_plains+southern_plateau+western_ghats_malnad,71,24,9.061637792987284,954.846440160336,True,wind_speed_kmph,A1_bilinear,621960,1.4791326678751815,1.9042304754066635,1.145224024059807,0,km/h
cellblock_1,Chittaguppa+Khanapur+Hiriyur+Arkalgud+Chintamani+Karkal+Karwar,Bidar+Belagavi+Chitradurga+Hassan+Chikballapur+Udupi+Uttara Kannada,central_plateau+coastal_inland_coast+eastern_plateau+northern_dry_plains+southern_plateau+western_ghats_malnad,71,24,9.061637792987284,954.846440160336,True,wind_speed_kmph,A2_nearest,621960,1.520634029703998,1.9770283186545152,0.93303691980604,0,km/h
cellblock_1,Chittaguppa+Khanapur+Hiriyur+Arkalgud+Chintamani+Karkal+Karwar,Bidar+Belagavi+Chitradurga+Hassan+Chikballapur+Udupi+Uttara Kannada,central_plateau+coastal_inland_coast+eastern_plateau+northern_dry_plains+southern_plateau+western_ghats_malnad,71,24,9.061637792987284,954.846440160336,True,wind_speed_kmph,B_ridge,621960,1.0330012582384034,1.4119507944472647,0.18223437927784286,22,km/h
cellblock_1,Chittaguppa+Khanapur+Hiriyur+Arkalgud+Chintamani+Karkal+Karwar,Bidar+Belagavi+Chitradurga+Hassan+Chikballapur+Udupi+Uttara Kannada,central_plateau+coastal_inland_coast+eastern_plateau+northern_dry_plains+southern_plateau+western_ghats_malnad,71,24,9.061637792987284,954.846440160336,True,wind_speed_kmph,C1,621960,1.0205430232812658,1.400524909210437,0.1991785803275923,0,km/h
cellblock_1,Chittaguppa+Khanapur+Hiriyur+Arkalgud+Chintamani+Karkal+Karwar,Bidar+Belagavi+Chitradurga+Hassan+Chikballapur+Udupi+Uttara Kannada,central_plateau+coastal_inland_coast+eastern_plateau+northern_dry_plains+southern_plateau+western_ghats_malnad,71,24,9.061637792987284,954.846440160336,True,wind_speed_kmph,C2,621960,1.0213093764091636,1.4047955239156968,-0.09110625165969703,0,km/h
cellblock_1,Chittaguppa+Khanapur+Hiriyur+Arkalgud+Chintamani+Karkal+Karwar,Bidar+Belagavi+Chitradurga+Hassan+Chikballapur+Udupi+Uttara Kannada,central_plateau+coastal_inland_coast+eastern_plateau+northern_dry_plains+southern_plateau+western_ghats_malnad,71,24,9.061637792987284,954.846440160336,True,wind_speed_kmph,C3,621960,1.0143484242612095,1.3941912453728564,-0.13990190829206484,0,km/h
cellblock_1,Chittaguppa+Khanapur+Hiriyur+Arkalgud+Chintamani+Karkal+Karwar,Bidar+Belagavi+Chitradurga+Hassan+Chikballapur+Udupi+Uttara Kannada,central_plateau+coastal_inland_coast+eastern_plateau+northern_dry_plains+southern_plateau+western_ghats_malnad,71,24,9.061637792987284,954.846440160336,True,wind_speed_kmph,C4,621960,0.9916887017193536,1.3614269512229829,-0.12145701317216136,0,km/h
cellblock_2,Chittaguppa+Nidagundi+Ramanagara+Ballari+Hiriyur+Arkalgud+Chintamani+Karwar,Bidar+Vijayapura+Bengaluru South+Ballari+Chitradurga+Hassan+Chikballapur+Uttara Kannada,central_plateau+coastal_inland_coast+eastern_plateau+northern_dry_plains+southern_plateau,37,18,124.53954647503035,904.2173621959384,True,temperature_c,A1_bilinear,324120,1.068015982880086,1.3391470698599788,0.6982575426587739,0,degC
cellblock_2,Chittaguppa+Nidagundi+Ramanagara+Ballari+Hiriyur+Arkalgud+Chintamani+Karwar,Bidar+Vijayapura+Bengaluru South+Ballari+Chitradurga+Hassan+Chikballapur+Uttara Kannada,central_plateau+coastal_inland_coast+eastern_plateau+northern_dry_plains+southern_plateau,37,18,124.53954647503035,904.2173621959384,True,temperature_c,A2_nearest,324120,1.056621925780527,1.3373021912086593,0.5991010304102261,0,degC
cellblock_2,Chittaguppa+Nidagundi+Ramanagara+Ballari+Hiriyur+Arkalgud+Chintamani+Karwar,Bidar+Vijayapura+Bengaluru South+Ballari+Chitradurga+Hassan+Chikballapur+Uttara Kannada,central_plateau+coastal_inland_coast+eastern_plateau+northern_dry_plains+southern_plateau,37,18,124.53954647503035,904.2173621959384,True,temperature_c,B_ridge,324120,0.8676500108547506,1.133701367063546,-0.00919103484354179,0,degC
cellblock_2,Chittaguppa+Nidagundi+Ramanagara+Ballari+Hiriyur+Arkalgud+Chintamani+Karwar,Bidar+Vijayapura+Bengaluru South+Ballari+Chitradurga+Hassan+Chikballapur+Uttara Kannada,central_plateau+coastal_inland_coast+eastern_plateau+northern_dry_plains+southern_plateau,37,18,124.53954647503035,904.2173621959384,True,temperature_c,C1,324120,0.8719639898285326,1.1425222082789837,0.0853603332712381,0,degC
cellblock_2,Chittaguppa+Nidagundi+Ramanagara+Ballari+Hiriyur+Arkalgud+Chintamani+Karwar,Bidar+Vijayapura+Bengaluru South+Ballari+Chitradurga+Hassan+Chikballapur+Uttara Kannada,central_plateau+coastal_inland_coast+eastern_plateau+northern_dry_plains+southern_plateau,37,18,124.53954647503035,904.2173621959384,True,temperature_c,C2,324120,0.843014824788825,1.1094585612111485,-0.054154786988711026,0,degC
cellblock_2,Chittaguppa+Nidagundi+Ramanagara+Ballari+Hiriyur+Arkalgud+Chintamani+Karwar,Bidar+Vijayapura+Bengaluru South+Ballari+Chitradurga+Hassan+Chikballapur+Uttara Kannada,central_plateau+coastal_inland_coast+eastern_plateau+northern_dry_plains+southern_plateau,37,18,124.53954647503035,904.2173621959384,True,temperature_c,C3,324120,0.8460574927750447,1.11381033874919,-0.04774542685828097,0,degC
cellblock_2,Chittaguppa+Nidagundi+Ramanagara+Ballari+Hiriyur+Arkalgud+Chintamani+Karwar,Bidar+Vijayapura+Bengaluru South+Ballari+Chitradurga+Hassan+Chikballapur+Uttara Kannada,central_plateau+coastal_inland_coast+eastern_plateau+northern_dry_plains+southern_plateau,37,18,124.53954647503035,904.2173621959384,True,temperature_c,C4,324120,0.682703703912895,0.8950132330020404,-0.2651087172643033,0,degC
cellblock_2,Chittaguppa+Nidagundi+Ramanagara+Ballari+Hiriyur+Arkalgud+Chintamani+Karwar,Bidar+Vijayapura+Bengaluru South+Ballari+Chitradurga+Hassan+Chikballapur+Uttara Kannada,central_plateau+coastal_inland_coast+eastern_plateau+northern_dry_plains+southern_plateau,37,18,124.53954647503035,904.2173621959384,True,dewpoint_c,A1_bilinear,324120,1.519435277214552,1.912485551471535,1.4667884003404859,0,degC
cellblock_2,Chittaguppa+Nidagundi+Ramanagara+Ballari+Hiriyur+Arkalgud+Chintamani+Karwar,Bidar+Vijayapura+Bengaluru South+Ballari+Chitradurga+Hassan+Chikballapur+Uttara Kannada,central_plateau+coastal_inland_coast+eastern_plateau+northern_dry_plains+southern_plateau,37,18,124.53954647503035,904.2173621959384,True,dewpoint_c,A2_nearest,324120,1.4958152118500672,1.9022293329383309,1.391854108546555,0,degC
cellblock_2,Chittaguppa+Nidagundi+Ramanagara+Ballari+Hiriyur+Arkalgud+Chintamani+Karwar,Bidar+Vijayapura+Bengaluru South+Ballari+Chitradurga+Hassan+Chikballapur+Uttara Kannada,central_plateau+coastal_inland_coast+eastern_plateau+northern_dry_plains+southern_plateau,37,18,124.53954647503035,904.2173621959384,True,dewpoint_c,B_ridge,324120,0.8534290601649928,1.21820571915076,0.46664939557125623,0,degC
cellblock_2,Chittaguppa+Nidagundi+Ramanagara+Ballari+Hiriyur+Arkalgud+Chintamani+Karwar,Bidar+Vijayapura+Bengaluru South+Ballari+Chitradurga+Hassan+Chikballapur+Uttara Kannada,central_plateau+coastal_inland_coast+eastern_plateau+northern_dry_plains+southern_plateau,37,18,124.53954647503035,904.2173621959384,True,dewpoint_c,C1,324120,0.767750622884961,1.0684368294807776,0.34552787989774253,0,degC
cellblock_2,Chittaguppa+Nidagundi+Ramanagara+Ballari+Hiriyur+Arkalgud+Chintamani+Karwar,Bidar+Vijayapura+Bengaluru South+Ballari+Chitradurga+Hassan+Chikballapur+Uttara Kannada,central_plateau+coastal_inland_coast+eastern_plateau+northern_dry_plains+southern_plateau,37,18,124.53954647503035,904.2173621959384,True,dewpoint_c,C2,324120,0.738214972856674,1.04650559528214,0.2157636778023277,0,degC
cellblock_2,Chittaguppa+Nidagundi+Ramanagara+Ballari+Hiriyur+Arkalgud+Chintamani+Karwar,Bidar+Vijayapura+Bengaluru South+Ballari+Chitradurga+Hassan+Chikballapur+Uttara Kannada,central_plateau+coastal_inland_coast+eastern_plateau+northern_dry_plains+southern_plateau,37,18,124.53954647503035,904.2173621959384,True,dewpoint_c,C3,324120,0.7370475278060384,1.0457713815514815,0.26615537004582024,0,degC
cellblock_2,Chittaguppa+Nidagundi+Ramanagara+Ballari+Hiriyur+Arkalgud+Chintamani+Karwar,Bidar+Vijayapura+Bengaluru South+Ballari+Chitradurga+Hassan+Chikballapur+Uttara Kannada,central_plateau+coastal_inland_coast+eastern_plateau+northern_dry_plains+southern_plateau,37,18,124.53954647503035,904.2173621959384,True,dewpoint_c,C4,324120,0.7657925890571448,1.1257426731988005,0.36552141268028254,0,degC
cellblock_2,Chittaguppa+Nidagundi+Ramanagara+Ballari+Hiriyur+Arkalgud+Chintamani+Karwar,Bidar+Vijayapura+Bengaluru South+Ballari+Chitradurga+Hassan+Chikballapur+Uttara Kannada,central_plateau+coastal_inland_coast+eastern_plateau+northern_dry_plains+southern_plateau,37,18,124.53954647503035,904.2173621959384,True,relative_humidity_pct,A1_bilinear,324120,4.280662638390769,5.463204449170866,1.876302816289112,0,%
cellblock_2,Chittaguppa+Nidagundi+Ramanagara+Ballari+Hiriyur+Arkalgud+Chintamani+Karwar,Bidar+Vijayapura+Bengaluru South+Ballari+Chitradurga+Hassan+Chikballapur+Uttara Kannada,central_plateau+coastal_inland_coast+eastern_plateau+northern_dry_plains+southern_plateau,37,18,124.53954647503035,904.2173621959384,True,relative_humidity_pct,A2_nearest,324120,4.477333327243528,5.717254944926873,1.9132966849785338,0,%
cellblock_2,Chittaguppa+Nidagundi+Ramanagara+Ballari+Hiriyur+Arkalgud+Chintamani+Karwar,Bidar+Vijayapura+Bengaluru South+Ballari+Chitradurga+Hassan+Chikballapur+Uttara Kannada,central_plateau+coastal_inland_coast+eastern_plateau+northern_dry_plains+southern_plateau,37,18,124.53954647503035,904.2173621959384,True,relative_humidity_pct,B_ridge,324120,3.7790914950009533,4.950704782917389,0.9672150988821188,1843,%
cellblock_2,Chittaguppa+Nidagundi+Ramanagara+Ballari+Hiriyur+Arkalgud+Chintamani+Karwar,Bidar+Vijayapura+Bengaluru South+Ballari+Chitradurga+Hassan+Chikballapur+Uttara Kannada,central_plateau+coastal_inland_coast+eastern_plateau+northern_dry_plains+southern_plateau,37,18,124.53954647503035,904.2173621959384,True,relative_humidity_pct,C1,324120,3.6559820699946033,4.793930888350513,0.9052739633844682,0,%
cellblock_2,Chittaguppa+Nidagundi+Ramanagara+Ballari+Hiriyur+Arkalgud+Chintamani+Karwar,Bidar+Vijayapura+Bengaluru South+Ballari+Chitradurga+Hassan+Chikballapur+Uttara Kannada,central_plateau+coastal_inland_coast+eastern_plateau+northern_dry_plains+southern_plateau,37,18,124.53954647503035,904.2173621959384,True,relative_humidity_pct,C2,324120,3.665918590925055,4.800321380712065,0.9428612172902431,0,%
cellblock_2,Chittaguppa+Nidagundi+Ramanagara+Ballari+Hiriyur+Arkalgud+Chintamani+Karwar,Bidar+Vijayapura+Bengaluru South+Ballari+Chitradurga+Hassan+Chikballapur+Uttara Kannada,central_plateau+coastal_inland_coast+eastern_plateau+northern_dry_plains+southern_plateau,37,18,124.53954647503035,904.2173621959384,True,relative_humidity_pct,C3,324120,3.679815772792989,4.817980709492034,1.0109212471898763,0,%
cellblock_2,Chittaguppa+Nidagundi+Ramanagara+Ballari+Hiriyur+Arkalgud+Chintamani+Karwar,Bidar+Vijayapura+Bengaluru South+Ballari+Chitradurga+Hassan+Chikballapur+Uttara Kannada,central_plateau+coastal_inland_coast+eastern_plateau+northern_dry_plains+southern_plateau,37,18,124.53954647503035,904.2173621959384,True,relative_humidity_pct,C4,324120,3.3258168415885767,4.380248715660784,1.8889209982806738,20,%
cellblock_2,Chittaguppa+Nidagundi+Ramanagara+Ballari+Hiriyur+Arkalgud+Chintamani+Karwar,Bidar+Vijayapura+Bengaluru South+Ballari+Chitradurga+Hassan+Chikballapur+Uttara Kannada,central_plateau+coastal_inland_coast+eastern_plateau+northern_dry_plains+southern_plateau,37,18,124.53954647503035,904.2173621959384,True,rainfall_mm,A1_bilinear,324120,0.010740352336460817,0.052029110092631184,0.00180348833822756,0,mm/hour
cellblock_2,Chittaguppa+Nidagundi+Ramanagara+Ballari+Hiriyur+Arkalgud+Chintamani+Karwar,Bidar+Vijayapura+Bengaluru South+Ballari+Chitradurga+Hassan+Chikballapur+Uttara Kannada,central_plateau+coastal_inland_coast+eastern_plateau+northern_dry_plains+southern_plateau,37,18,124.53954647503035,904.2173621959384,True,rainfall_mm,A2_nearest,324120,0.0201131872594615,0.1047727039998955,-0.00078578044796481,0,mm/hour
cellblock_2,Chittaguppa+Nidagundi+Ramanagara+Ballari+Hiriyur+Arkalgud+Chintamani+Karwar,Bidar+Vijayapura+Bengaluru South+Ballari+Chitradurga+Hassan+Chikballapur+Uttara Kannada,central_plateau+coastal_inland_coast+eastern_plateau+northern_dry_plains+southern_plateau,37,18,124.53954647503035,904.2173621959384,True,rainfall_mm,B_ridge,324120,0.01627223619055474,0.05218042056611622,-0.003405882800189874,225654,mm/hour
cellblock_2,Chittaguppa+Nidagundi+Ramanagara+Ballari+Hiriyur+Arkalgud+Chintamani+Karwar,Bidar+Vijayapura+Bengaluru South+Ballari+Chitradurga+Hassan+Chikballapur+Uttara Kannada,central_plateau+coastal_inland_coast+eastern_plateau+northern_dry_plains+southern_plateau,37,18,124.53954647503035,904.2173621959384,True,rainfall_mm,C1,324120,0.011812529469665965,0.06575592829134033,0.0011718613549649226,17000,mm/hour
cellblock_2,Chittaguppa+Nidagundi+Ramanagara+Ballari+Hiriyur+Arkalgud+Chintamani+Karwar,Bidar+Vijayapura+Bengaluru South+Ballari+Chitradurga+Hassan+Chikballapur+Uttara Kannada,central_plateau+coastal_inland_coast+eastern_plateau+northern_dry_plains+southern_plateau,37,18,124.53954647503035,904.2173621959384,True,rainfall_mm,C2,324120,0.012095287882573788,0.06810836016479158,0.0012670245119044098,83817,mm/hour
cellblock_2,Chittaguppa+Nidagundi+Ramanagara+Ballari+Hiriyur+Arkalgud+Chintamani+Karwar,Bidar+Vijayapura+Bengaluru South+Ballari+Chitradurga+Hassan+Chikballapur+Uttara Kannada,central_plateau+coastal_inland_coast+eastern_plateau+northern_dry_plains+southern_plateau,37,18,124.53954647503035,904.2173621959384,True,rainfall_mm,C3,324120,0.012304984697922707,0.06932536610155873,0.0013849107020271487,77437,mm/hour
cellblock_2,Chittaguppa+Nidagundi+Ramanagara+Ballari+Hiriyur+Arkalgud+Chintamani+Karwar,Bidar+Vijayapura+Bengaluru South+Ballari+Chitradurga+Hassan+Chikballapur+Uttara Kannada,central_plateau+coastal_inland_coast+eastern_plateau+northern_dry_plains+southern_plateau,37,18,124.53954647503035,904.2173621959384,True,rainfall_mm,C4,324120,0.01210117796473383,0.06078226351805524,0.0010932272690492358,67845,mm/hour
cellblock_2,Chittaguppa+Nidagundi+Ramanagara+Ballari+Hiriyur+Arkalgud+Chintamani+Karwar,Bidar+Vijayapura+Bengaluru South+Ballari+Chitradurga+Hassan+Chikballapur+Uttara Kannada,central_plateau+coastal_inland_coast+eastern_plateau+northern_dry_plains+southern_plateau,37,18,124.53954647503035,904.2173621959384,True,wind_speed_kmph,A1_bilinear,324120,1.3801119419195949,1.8100229635342424,0.7804867253735054,0,km/h
cellblock_2,Chittaguppa+Nidagundi+Ramanagara+Ballari+Hiriyur+Arkalgud+Chintamani+Karwar,Bidar+Vijayapura+Bengaluru South+Ballari+Chitradurga+Hassan+Chikballapur+Uttara Kannada,central_plateau+coastal_inland_coast+eastern_plateau+northern_dry_plains+southern_plateau,37,18,124.53954647503035,904.2173621959384,True,wind_speed_kmph,A2_nearest,324120,1.4401647188113895,1.9028899770950916,0.8382194160356955,0,km/h
cellblock_2,Chittaguppa+Nidagundi+Ramanagara+Ballari+Hiriyur+Arkalgud+Chintamani+Karwar,Bidar+Vijayapura+Bengaluru South+Ballari+Chitradurga+Hassan+Chikballapur+Uttara Kannada,central_plateau+coastal_inland_coast+eastern_plateau+northern_dry_plains+southern_plateau,37,18,124.53954647503035,904.2173621959384,True,wind_speed_kmph,B_ridge,324120,1.21128085010057,1.6321147047693927,-0.43819853571499834,0,km/h
cellblock_2,Chittaguppa+Nidagundi+Ramanagara+Ballari+Hiriyur+Arkalgud+Chintamani+Karwar,Bidar+Vijayapura+Bengaluru South+Ballari+Chitradurga+Hassan+Chikballapur+Uttara Kannada,central_plateau+coastal_inland_coast+eastern_plateau+northern_dry_plains+southern_plateau,37,18,124.53954647503035,904.2173621959384,True,wind_speed_kmph,C1,324120,1.1215876743200484,1.5443066227574889,-0.23520411006001973,0,km/h
cellblock_2,Chittaguppa+Nidagundi+Ramanagara+Ballari+Hiriyur+Arkalgud+Chintamani+Karwar,Bidar+Vijayapura+Bengaluru South+Ballari+Chitradurga+Hassan+Chikballapur+Uttara Kannada,central_plateau+coastal_inland_coast+eastern_plateau+northern_dry_plains+southern_plateau,37,18,124.53954647503035,904.2173621959384,True,wind_speed_kmph,C2,324120,1.079402584618823,1.4908127674748022,-0.21374998250070945,0,km/h
cellblock_2,Chittaguppa+Nidagundi+Ramanagara+Ballari+Hiriyur+Arkalgud+Chintamani+Karwar,Bidar+Vijayapura+Bengaluru South+Ballari+Chitradurga+Hassan+Chikballapur+Uttara Kannada,central_plateau+coastal_inland_coast+eastern_plateau+northern_dry_plains+southern_plateau,37,18,124.53954647503035,904.2173621959384,True,wind_speed_kmph,C3,324120,1.0822274061587345,1.4932887209740136,-0.22767614204560427,0,km/h
cellblock_2,Chittaguppa+Nidagundi+Ramanagara+Ballari+Hiriyur+Arkalgud+Chintamani+Karwar,Bidar+Vijayapura+Bengaluru South+Ballari+Chitradurga+Hassan+Chikballapur+Uttara Kannada,central_plateau+coastal_inland_coast+eastern_plateau+northern_dry_plains+southern_plateau,37,18,124.53954647503035,904.2173621959384,True,wind_speed_kmph,C4,324120,1.0366809673298183,1.4424685120678524,-0.18956680672398232,0,km/h
cellblock_3,Chittaguppa+Nidagundi+Ramanagara+Ballari+Hiriyur+Sorab+Karkal,Bidar+Vijayapura+Bengaluru South+Ballari+Chitradurga+Shivamogga+Udupi,central_plateau+coastal_inland_coast+northern_dry_plains+southern_plateau+western_ghats_malnad,64,28,44.87817947850917,813.1084347826087,False,temperature_c,A1_bilinear,560640,1.000025200273348,1.2641393608579763,0.5940462190810918,0,degC
cellblock_3,Chittaguppa+Nidagundi+Ramanagara+Ballari+Hiriyur+Sorab+Karkal,Bidar+Vijayapura+Bengaluru South+Ballari+Chitradurga+Shivamogga+Udupi,central_plateau+coastal_inland_coast+northern_dry_plains+southern_plateau+western_ghats_malnad,64,28,44.87817947850917,813.1084347826087,False,temperature_c,A2_nearest,560640,1.0624874877058752,1.3293845201198717,0.5404641556413207,0,degC
cellblock_3,Chittaguppa+Nidagundi+Ramanagara+Ballari+Hiriyur+Sorab+Karkal,Bidar+Vijayapura+Bengaluru South+Ballari+Chitradurga+Shivamogga+Udupi,central_plateau+coastal_inland_coast+northern_dry_plains+southern_plateau+western_ghats_malnad,64,28,44.87817947850917,813.1084347826087,False,temperature_c,B_ridge,560640,0.8392410908220675,1.0963481397959205,0.044874599964833055,0,degC
cellblock_3,Chittaguppa+Nidagundi+Ramanagara+Ballari+Hiriyur+Sorab+Karkal,Bidar+Vijayapura+Bengaluru South+Ballari+Chitradurga+Shivamogga+Udupi,central_plateau+coastal_inland_coast+northern_dry_plains+southern_plateau+western_ghats_malnad,64,28,44.87817947850917,813.1084347826087,False,temperature_c,C1,560640,0.8519480154362116,1.112915258930538,-0.10409106434199142,0,degC
cellblock_3,Chittaguppa+Nidagundi+Ramanagara+Ballari+Hiriyur+Sorab+Karkal,Bidar+Vijayapura+Bengaluru South+Ballari+Chitradurga+Shivamogga+Udupi,central_plateau+coastal_inland_coast+northern_dry_plains+southern_plateau+western_ghats_malnad,64,28,44.87817947850917,813.1084347826087,False,temperature_c,C2,560640,0.8477687738587755,1.1113360201900824,0.11658121323490167,0,degC
cellblock_3,Chittaguppa+Nidagundi+Ramanagara+Ballari+Hiriyur+Sorab+Karkal,Bidar+Vijayapura+Bengaluru South+Ballari+Chitradurga+Shivamogga+Udupi,central_plateau+coastal_inland_coast+northern_dry_plains+southern_plateau+western_ghats_malnad,64,28,44.87817947850917,813.1084347826087,False,temperature_c,C3,560640,0.8418716519385363,1.1056679020735405,0.10547332567321223,0,degC
cellblock_3,Chittaguppa+Nidagundi+Ramanagara+Ballari+Hiriyur+Sorab+Karkal,Bidar+Vijayapura+Bengaluru South+Ballari+Chitradurga+Shivamogga+Udupi,central_plateau+coastal_inland_coast+northern_dry_plains+southern_plateau+western_ghats_malnad,64,28,44.87817947850917,813.1084347826087,False,temperature_c,C4,560640,0.6171756477427207,0.8079203324422984,-0.1713414611822316,0,degC
cellblock_3,Chittaguppa+Nidagundi+Ramanagara+Ballari+Hiriyur+Sorab+Karkal,Bidar+Vijayapura+Bengaluru South+Ballari+Chitradurga+Shivamogga+Udupi,central_plateau+coastal_inland_coast+northern_dry_plains+southern_plateau+western_ghats_malnad,64,28,44.87817947850917,813.1084347826087,False,dewpoint_c,A1_bilinear,560640,1.3236372408583825,1.7121139478929814,1.217563574664664,0,degC
cellblock_3,Chittaguppa+Nidagundi+Ramanagara+Ballari+Hiriyur+Sorab+Karkal,Bidar+Vijayapura+Bengaluru South+Ballari+Chitradurga+Shivamogga+Udupi,central_plateau+coastal_inland_coast+northern_dry_plains+southern_plateau+western_ghats_malnad,64,28,44.87817947850917,813.1084347826087,False,dewpoint_c,A2_nearest,560640,1.3790854144858442,1.7596695931026367,1.1277385938113138,0,degC
cellblock_3,Chittaguppa+Nidagundi+Ramanagara+Ballari+Hiriyur+Sorab+Karkal,Bidar+Vijayapura+Bengaluru South+Ballari+Chitradurga+Shivamogga+Udupi,central_plateau+coastal_inland_coast+northern_dry_plains+southern_plateau+western_ghats_malnad,64,28,44.87817947850917,813.1084347826087,False,dewpoint_c,B_ridge,560640,0.7822063418993235,1.1094966004530578,0.35983133058076405,0,degC
cellblock_3,Chittaguppa+Nidagundi+Ramanagara+Ballari+Hiriyur+Sorab+Karkal,Bidar+Vijayapura+Bengaluru South+Ballari+Chitradurga+Shivamogga+Udupi,central_plateau+coastal_inland_coast+northern_dry_plains+southern_plateau+western_ghats_malnad,64,28,44.87817947850917,813.1084347826087,False,dewpoint_c,C1,560640,0.6925795620540566,0.970878178868604,-0.06829982848629457,0,degC
cellblock_3,Chittaguppa+Nidagundi+Ramanagara+Ballari+Hiriyur+Sorab+Karkal,Bidar+Vijayapura+Bengaluru South+Ballari+Chitradurga+Shivamogga+Udupi,central_plateau+coastal_inland_coast+northern_dry_plains+southern_plateau+western_ghats_malnad,64,28,44.87817947850917,813.1084347826087,False,dewpoint_c,C2,560640,0.711156738959679,0.9965918697687911,0.1589025325619996,0,degC
cellblock_3,Chittaguppa+Nidagundi+Ramanagara+Ballari+Hiriyur+Sorab+Karkal,Bidar+Vijayapura+Bengaluru South+Ballari+Chitradurga+Shivamogga+Udupi,central_plateau+coastal_inland_coast+northern_dry_plains+southern_plateau+western_ghats_malnad,64,28,44.87817947850917,813.1084347826087,False,dewpoint_c,C3,560640,0.7093424762794377,0.9949620658930749,0.20151451826708913,0,degC
cellblock_3,Chittaguppa+Nidagundi+Ramanagara+Ballari+Hiriyur+Sorab+Karkal,Bidar+Vijayapura+Bengaluru South+Ballari+Chitradurga+Shivamogga+Udupi,central_plateau+coastal_inland_coast+northern_dry_plains+southern_plateau+western_ghats_malnad,64,28,44.87817947850917,813.1084347826087,False,dewpoint_c,C4,560640,0.7287423100091305,1.0485698670606074,0.3163774270715932,0,degC
cellblock_3,Chittaguppa+Nidagundi+Ramanagara+Ballari+Hiriyur+Sorab+Karkal,Bidar+Vijayapura+Bengaluru South+Ballari+Chitradurga+Shivamogga+Udupi,central_plateau+coastal_inland_coast+northern_dry_plains+southern_plateau+western_ghats_malnad,64,28,44.87817947850917,813.1084347826087,False,relative_humidity_pct,A1_bilinear,560640,4.076224025143659,5.176853765966817,1.3401963018356573,0,%
cellblock_3,Chittaguppa+Nidagundi+Ramanagara+Ballari+Hiriyur+Sorab+Karkal,Bidar+Vijayapura+Bengaluru South+Ballari+Chitradurga+Shivamogga+Udupi,central_plateau+coastal_inland_coast+northern_dry_plains+southern_plateau+western_ghats_malnad,64,28,44.87817947850917,813.1084347826087,False,relative_humidity_pct,A2_nearest,560640,4.1190735052105145,5.2659687113831435,1.2616372179854876,0,%
cellblock_3,Chittaguppa+Nidagundi+Ramanagara+Ballari+Hiriyur+Sorab+Karkal,Bidar+Vijayapura+Bengaluru South+Ballari+Chitradurga+Shivamogga+Udupi,central_plateau+coastal_inland_coast+northern_dry_plains+southern_plateau+western_ghats_malnad,64,28,44.87817947850917,813.1084347826087,False,relative_humidity_pct,B_ridge,560640,3.6098144931875047,4.718122664659269,0.20784848304757594,740,%
cellblock_3,Chittaguppa+Nidagundi+Ramanagara+Ballari+Hiriyur+Sorab+Karkal,Bidar+Vijayapura+Bengaluru South+Ballari+Chitradurga+Shivamogga+Udupi,central_plateau+coastal_inland_coast+northern_dry_plains+southern_plateau+western_ghats_malnad,64,28,44.87817947850917,813.1084347826087,False,relative_humidity_pct,C1,560640,3.5231386283263557,4.616630751820243,0.1797479730175647,0,%
cellblock_3,Chittaguppa+Nidagundi+Ramanagara+Ballari+Hiriyur+Sorab+Karkal,Bidar+Vijayapura+Bengaluru South+Ballari+Chitradurga+Shivamogga+Udupi,central_plateau+coastal_inland_coast+northern_dry_plains+southern_plateau+western_ghats_malnad,64,28,44.87817947850917,813.1084347826087,False,relative_humidity_pct,C2,560640,3.5363204828596975,4.615743721252269,0.13690287884311333,0,%
cellblock_3,Chittaguppa+Nidagundi+Ramanagara+Ballari+Hiriyur+Sorab+Karkal,Bidar+Vijayapura+Bengaluru South+Ballari+Chitradurga+Shivamogga+Udupi,central_plateau+coastal_inland_coast+northern_dry_plains+southern_plateau+western_ghats_malnad,64,28,44.87817947850917,813.1084347826087,False,relative_humidity_pct,C3,560640,3.537184279147554,4.6180307221153765,0.17309786449538242,0,%
cellblock_3,Chittaguppa+Nidagundi+Ramanagara+Ballari+Hiriyur+Sorab+Karkal,Bidar+Vijayapura+Bengaluru South+Ballari+Chitradurga+Shivamogga+Udupi,central_plateau+coastal_inland_coast+northern_dry_plains+southern_plateau+western_ghats_malnad,64,28,44.87817947850917,813.1084347826087,False,relative_humidity_pct,C4,560640,3.0188568377149054,3.9518606436666786,1.4923520197806137,15,%
cellblock_3,Chittaguppa+Nidagundi+Ramanagara+Ballari+Hiriyur+Sorab+Karkal,Bidar+Vijayapura+Bengaluru South+Ballari+Chitradurga+Shivamogga+Udupi,central_plateau+coastal_inland_coast+northern_dry_plains+southern_plateau+western_ghats_malnad,64,28,44.87817947850917,813.1084347826087,False,rainfall_mm,A1_bilinear,560640,0.012215350007180638,0.05960372912566441,0.0003155833127920254,0,mm/hour
cellblock_3,Chittaguppa+Nidagundi+Ramanagara+Ballari+Hiriyur+Sorab+Karkal,Bidar+Vijayapura+Bengaluru South+Ballari+Chitradurga+Shivamogga+Udupi,central_plateau+coastal_inland_coast+northern_dry_plains+southern_plateau+western_ghats_malnad,64,28,44.87817947850917,813.1084347826087,False,rainfall_mm,A2_nearest,560640,0.025039603514701896,0.12890279922688283,0.003799354569996466,0,mm/hour
cellblock_3,Chittaguppa+Nidagundi+Ramanagara+Ballari+Hiriyur+Sorab+Karkal,Bidar+Vijayapura+Bengaluru South+Ballari+Chitradurga+Shivamogga+Udupi,central_plateau+coastal_inland_coast+northern_dry_plains+southern_plateau+western_ghats_malnad,64,28,44.87817947850917,813.1084347826087,False,rainfall_mm,B_ridge,560640,0.01966592421340462,0.058765933665762035,-0.00745507850943041,408522,mm/hour
cellblock_3,Chittaguppa+Nidagundi+Ramanagara+Ballari+Hiriyur+Sorab+Karkal,Bidar+Vijayapura+Bengaluru South+Ballari+Chitradurga+Shivamogga+Udupi,central_plateau+coastal_inland_coast+northern_dry_plains+southern_plateau+western_ghats_malnad,64,28,44.87817947850917,813.1084347826087,False,rainfall_mm,C1,560640,0.01526052245594734,0.11306602334546162,-0.002008870854506032,30681,mm/hour
cellblock_3,Chittaguppa+Nidagundi+Ramanagara+Ballari+Hiriyur+Sorab+Karkal,Bidar+Vijayapura+Bengaluru South+Ballari+Chitradurga+Shivamogga+Udupi,central_plateau+coastal_inland_coast+northern_dry_plains+southern_plateau+western_ghats_malnad,64,28,44.87817947850917,813.1084347826087,False,rainfall_mm,C2,560640,0.015947488107099412,0.11442339802505343,-0.0029831740711336423,179951,mm/hour
cellblock_3,Chittaguppa+Nidagundi+Ramanagara+Ballari+Hiriyur+Sorab+Karkal,Bidar+Vijayapura+Bengaluru South+Ballari+Chitradurga+Shivamogga+Udupi,central_plateau+coastal_inland_coast+northern_dry_plains+southern_plateau+western_ghats_malnad,64,28,44.87817947850917,813.1084347826087,False,rainfall_mm,C3,560640,0.016139927883323003,0.11568467946420405,-0.0028410716940527043,149572,mm/hour
cellblock_3,Chittaguppa+Nidagundi+Ramanagara+Ballari+Hiriyur+Sorab+Karkal,Bidar+Vijayapura+Bengaluru South+Ballari+Chitradurga+Shivamogga+Udupi,central_plateau+coastal_inland_coast+northern_dry_plains+southern_plateau+western_ghats_malnad,64,28,44.87817947850917,813.1084347826087,False,rainfall_mm,C4,560640,0.016157970950361002,0.12207735809874076,-0.003741895519330086,161524,mm/hour
cellblock_3,Chittaguppa+Nidagundi+Ramanagara+Ballari+Hiriyur+Sorab+Karkal,Bidar+Vijayapura+Bengaluru South+Ballari+Chitradurga+Shivamogga+Udupi,central_plateau+coastal_inland_coast+northern_dry_plains+southern_plateau+western_ghats_malnad,64,28,44.87817947850917,813.1084347826087,False,wind_speed_kmph,A1_bilinear,560640,1.2966820448238645,1.7401683549672966,0.6476188150694878,0,km/h
cellblock_3,Chittaguppa+Nidagundi+Ramanagara+Ballari+Hiriyur+Sorab+Karkal,Bidar+Vijayapura+Bengaluru South+Ballari+Chitradurga+Shivamogga+Udupi,central_plateau+coastal_inland_coast+northern_dry_plains+southern_plateau+western_ghats_malnad,64,28,44.87817947850917,813.1084347826087,False,wind_speed_kmph,A2_nearest,560640,1.3317941261810302,1.8009371464520365,0.5416684960539786,0,km/h
cellblock_3,Chittaguppa+Nidagundi+Ramanagara+Ballari+Hiriyur+Sorab+Karkal,Bidar+Vijayapura+Bengaluru South+Ballari+Chitradurga+Shivamogga+Udupi,central_plateau+coastal_inland_coast+northern_dry_plains+southern_plateau+western_ghats_malnad,64,28,44.87817947850917,813.1084347826087,False,wind_speed_kmph,B_ridge,560640,1.3096288976709294,1.7495451346378845,-0.6437707922155662,0,km/h
cellblock_3,Chittaguppa+Nidagundi+Ramanagara+Ballari+Hiriyur+Sorab+Karkal,Bidar+Vijayapura+Bengaluru South+Ballari+Chitradurga+Shivamogga+Udupi,central_plateau+coastal_inland_coast+northern_dry_plains+southern_plateau+western_ghats_malnad,64,28,44.87817947850917,813.1084347826087,False,wind_speed_kmph,C1,560640,1.2033924059800862,1.6476287680264214,-0.44706545248514107,0,km/h
cellblock_3,Chittaguppa+Nidagundi+Ramanagara+Ballari+Hiriyur+Sorab+Karkal,Bidar+Vijayapura+Bengaluru South+Ballari+Chitradurga+Shivamogga+Udupi,central_plateau+coastal_inland_coast+northern_dry_plains+southern_plateau+western_ghats_malnad,64,28,44.87817947850917,813.1084347826087,False,wind_speed_kmph,C2,560640,1.189402957731782,1.6220601525271208,-0.42753483525957114,0,km/h
cellblock_3,Chittaguppa+Nidagundi+Ramanagara+Ballari+Hiriyur+Sorab+Karkal,Bidar+Vijayapura+Bengaluru South+Ballari+Chitradurga+Shivamogga+Udupi,central_plateau+coastal_inland_coast+northern_dry_plains+southern_plateau+western_ghats_malnad,64,28,44.87817947850917,813.1084347826087,False,wind_speed_kmph,C3,560640,1.2026056188212695,1.6330109898381084,-0.4632305835903524,0,km/h
cellblock_3,Chittaguppa+Nidagundi+Ramanagara+Ballari+Hiriyur+Sorab+Karkal,Bidar+Vijayapura+Bengaluru South+Ballari+Chitradurga+Shivamogga+Udupi,central_plateau+coastal_inland_coast+northern_dry_plains+southern_plateau+western_ghats_malnad,64,28,44.87817947850917,813.1084347826087,False,wind_speed_kmph,C4,560640,1.1687114114995327,1.5986338332078787,-0.3807420846472095,0,km/h
cellblock_4,Nidagundi+Ramanagara+Khanapur+Ballari+Hiriyur+Sorab+Karkal,Vijayapura+Bengaluru South+Belagavi+Ballari+Chitradurga+Shivamogga+Udupi,central_plateau+coastal_inland_coast+northern_dry_plains+southern_plateau+western_ghats_malnad,52,20,52.725396264512874,811.9818859882791,False,temperature_c,A1_bilinear,455520,0.8822037902338954,1.1209824088013107,0.36571880230972476,0,degC
cellblock_4,Nidagundi+Ramanagara+Khanapur+Ballari+Hiriyur+Sorab+Karkal,Vijayapura+Bengaluru South+Belagavi+Ballari+Chitradurga+Shivamogga+Udupi,central_plateau+coastal_inland_coast+northern_dry_plains+southern_plateau+western_ghats_malnad,52,20,52.725396264512874,811.9818859882791,False,temperature_c,A2_nearest,455520,0.9350704186415731,1.1856987621162252,0.34660725139675536,0,degC
cellblock_4,Nidagundi+Ramanagara+Khanapur+Ballari+Hiriyur+Sorab+Karkal,Vijayapura+Bengaluru South+Belagavi+Ballari+Chitradurga+Shivamogga+Udupi,central_plateau+coastal_inland_coast+northern_dry_plains+southern_plateau+western_ghats_malnad,52,20,52.725396264512874,811.9818859882791,False,temperature_c,B_ridge,455520,0.8264239641873625,1.0693310921448862,-0.2597453723807071,0,degC
cellblock_4,Nidagundi+Ramanagara+Khanapur+Ballari+Hiriyur+Sorab+Karkal,Vijayapura+Bengaluru South+Belagavi+Ballari+Chitradurga+Shivamogga+Udupi,central_plateau+coastal_inland_coast+northern_dry_plains+southern_plateau+western_ghats_malnad,52,20,52.725396264512874,811.9818859882791,False,temperature_c,C1,455520,0.8332685182063724,1.0770768258416124,-0.3487780916289344,0,degC
cellblock_4,Nidagundi+Ramanagara+Khanapur+Ballari+Hiriyur+Sorab+Karkal,Vijayapura+Bengaluru South+Belagavi+Ballari+Chitradurga+Shivamogga+Udupi,central_plateau+coastal_inland_coast+northern_dry_plains+southern_plateau+western_ghats_malnad,52,20,52.725396264512874,811.9818859882791,False,temperature_c,C2,455520,0.7770073717915692,1.0117906128313514,-0.2812368447682593,0,degC
cellblock_4,Nidagundi+Ramanagara+Khanapur+Ballari+Hiriyur+Sorab+Karkal,Vijayapura+Bengaluru South+Belagavi+Ballari+Chitradurga+Shivamogga+Udupi,central_plateau+coastal_inland_coast+northern_dry_plains+southern_plateau+western_ghats_malnad,52,20,52.725396264512874,811.9818859882791,False,temperature_c,C3,455520,0.7815001825005735,1.0166532277183182,-0.2811574921296455,0,degC
cellblock_4,Nidagundi+Ramanagara+Khanapur+Ballari+Hiriyur+Sorab+Karkal,Vijayapura+Bengaluru South+Belagavi+Ballari+Chitradurga+Shivamogga+Udupi,central_plateau+coastal_inland_coast+northern_dry_plains+southern_plateau+western_ghats_malnad,52,20,52.725396264512874,811.9818859882791,False,temperature_c,C4,455520,0.644264700577031,0.8321107064227172,-0.3347346050752888,0,degC
cellblock_4,Nidagundi+Ramanagara+Khanapur+Ballari+Hiriyur+Sorab+Karkal,Vijayapura+Bengaluru South+Belagavi+Ballari+Chitradurga+Shivamogga+Udupi,central_plateau+coastal_inland_coast+northern_dry_plains+southern_plateau+western_ghats_malnad,52,20,52.725396264512874,811.9818859882791,False,dewpoint_c,A1_bilinear,455520,1.0658757191943782,1.4496368890941622,0.8649257276539786,0,degC
cellblock_4,Nidagundi+Ramanagara+Khanapur+Ballari+Hiriyur+Sorab+Karkal,Vijayapura+Bengaluru South+Belagavi+Ballari+Chitradurga+Shivamogga+Udupi,central_plateau+coastal_inland_coast+northern_dry_plains+southern_plateau+western_ghats_malnad,52,20,52.725396264512874,811.9818859882791,False,dewpoint_c,A2_nearest,455520,1.1613927725285114,1.5757231852259814,0.9312349009270998,0,degC
cellblock_4,Nidagundi+Ramanagara+Khanapur+Ballari+Hiriyur+Sorab+Karkal,Vijayapura+Bengaluru South+Belagavi+Ballari+Chitradurga+Shivamogga+Udupi,central_plateau+coastal_inland_coast+northern_dry_plains+southern_plateau+western_ghats_malnad,52,20,52.725396264512874,811.9818859882791,False,dewpoint_c,B_ridge,455520,0.7770471338388997,1.0860392413183475,-0.10781998436900633,0,degC
cellblock_4,Nidagundi+Ramanagara+Khanapur+Ballari+Hiriyur+Sorab+Karkal,Vijayapura+Bengaluru South+Belagavi+Ballari+Chitradurga+Shivamogga+Udupi,central_plateau+coastal_inland_coast+northern_dry_plains+southern_plateau+western_ghats_malnad,52,20,52.725396264512874,811.9818859882791,False,dewpoint_c,C1,455520,0.7102581787349861,0.9854470431100961,-0.24042371179542124,0,degC
cellblock_4,Nidagundi+Ramanagara+Khanapur+Ballari+Hiriyur+Sorab+Karkal,Vijayapura+Bengaluru South+Belagavi+Ballari+Chitradurga+Shivamogga+Udupi,central_plateau+coastal_inland_coast+northern_dry_plains+southern_plateau+western_ghats_malnad,52,20,52.725396264512874,811.9818859882791,False,dewpoint_c,C2,455520,0.6498178997361688,0.9200772080845426,-0.17782048125798178,0,degC
cellblock_4,Nidagundi+Ramanagara+Khanapur+Ballari+Hiriyur+Sorab+Karkal,Vijayapura+Bengaluru South+Belagavi+Ballari+Chitradurga+Shivamogga+Udupi,central_plateau+coastal_inland_coast+northern_dry_plains+southern_plateau+western_ghats_malnad,52,20,52.725396264512874,811.9818859882791,False,dewpoint_c,C3,455520,0.654262417289441,0.924046694593059,-0.15873425687457396,0,degC
cellblock_4,Nidagundi+Ramanagara+Khanapur+Ballari+Hiriyur+Sorab+Karkal,Vijayapura+Bengaluru South+Belagavi+Ballari+Chitradurga+Shivamogga+Udupi,central_plateau+coastal_inland_coast+northern_dry_plains+southern_plateau+western_ghats_malnad,52,20,52.725396264512874,811.9818859882791,False,dewpoint_c,C4,455520,0.660300063738392,0.9300632129769759,-0.11573386670860593,0,degC
cellblock_4,Nidagundi+Ramanagara+Khanapur+Ballari+Hiriyur+Sorab+Karkal,Vijayapura+Bengaluru South+Belagavi+Ballari+Chitradurga+Shivamogga+Udupi,central_plateau+coastal_inland_coast+northern_dry_plains+southern_plateau+western_ghats_malnad,52,20,52.725396264512874,811.9818859882791,False,relative_humidity_pct,A1_bilinear,455520,3.899988035960016,4.984810283382422,0.9772886208872444,0,%
cellblock_4,Nidagundi+Ramanagara+Khanapur+Ballari+Hiriyur+Sorab+Karkal,Vijayapura+Bengaluru South+Belagavi+Ballari+Chitradurga+Shivamogga+Udupi,central_plateau+coastal_inland_coast+northern_dry_plains+southern_plateau+western_ghats_malnad,52,20,52.725396264512874,811.9818859882791,False,relative_humidity_pct,A2_nearest,455520,4.215057471194198,5.449765940447694,1.2960397767248788,0,%
cellblock_4,Nidagundi+Ramanagara+Khanapur+Ballari+Hiriyur+Sorab+Karkal,Vijayapura+Bengaluru South+Belagavi+Ballari+Chitradurga+Shivamogga+Udupi,central_plateau+coastal_inland_coast+northern_dry_plains+southern_plateau+western_ghats_malnad,52,20,52.725396264512874,811.9818859882791,False,relative_humidity_pct,B_ridge,455520,3.494817039661201,4.569803292179233,0.4651843428690762,10364,%
cellblock_4,Nidagundi+Ramanagara+Khanapur+Ballari+Hiriyur+Sorab+Karkal,Vijayapura+Bengaluru South+Belagavi+Ballari+Chitradurga+Shivamogga+Udupi,central_plateau+coastal_inland_coast+northern_dry_plains+southern_plateau+western_ghats_malnad,52,20,52.725396264512874,811.9818859882791,False,relative_humidity_pct,C1,455520,3.302233582815627,4.4053719390572965,0.5493575321294207,0,%
cellblock_4,Nidagundi+Ramanagara+Khanapur+Ballari+Hiriyur+Sorab+Karkal,Vijayapura+Bengaluru South+Belagavi+Ballari+Chitradurga+Shivamogga+Udupi,central_plateau+coastal_inland_coast+northern_dry_plains+southern_plateau+western_ghats_malnad,52,20,52.725396264512874,811.9818859882791,False,relative_humidity_pct,C2,455520,3.2942568382055812,4.40074536870361,0.4842720384472268,263,%
cellblock_4,Nidagundi+Ramanagara+Khanapur+Ballari+Hiriyur+Sorab+Karkal,Vijayapura+Bengaluru South+Belagavi+Ballari+Chitradurga+Shivamogga+Udupi,central_plateau+coastal_inland_coast+northern_dry_plains+southern_plateau+western_ghats_malnad,52,20,52.725396264512874,811.9818859882791,False,relative_humidity_pct,C3,455520,3.2914378729874896,4.401058367551007,0.5067465361388593,501,%
cellblock_4,Nidagundi+Ramanagara+Khanapur+Ballari+Hiriyur+Sorab+Karkal,Vijayapura+Bengaluru South+Belagavi+Ballari+Chitradurga+Shivamogga+Udupi,central_plateau+coastal_inland_coast+northern_dry_plains+southern_plateau+western_ghats_malnad,52,20,52.725396264512874,811.9818859882791,False,relative_humidity_pct,C4,455520,2.706511984157472,3.64266291471523,0.8260176938068492,764,%
cellblock_4,Nidagundi+Ramanagara+Khanapur+Ballari+Hiriyur+Sorab+Karkal,Vijayapura+Bengaluru South+Belagavi+Ballari+Chitradurga+Shivamogga+Udupi,central_plateau+coastal_inland_coast+northern_dry_plains+southern_plateau+western_ghats_malnad,52,20,52.725396264512874,811.9818859882791,False,rainfall_mm,A1_bilinear,455520,0.022058584609253917,0.08966875755003295,-0.0009933753177188741,0,mm/hour
cellblock_4,Nidagundi+Ramanagara+Khanapur+Ballari+Hiriyur+Sorab+Karkal,Vijayapura+Bengaluru South+Belagavi+Ballari+Chitradurga+Shivamogga+Udupi,central_plateau+coastal_inland_coast+northern_dry_plains+southern_plateau+western_ghats_malnad,52,20,52.725396264512874,811.9818859882791,False,rainfall_mm,A2_nearest,455520,0.03562300144595178,0.1364545907391414,0.0013571893083255935,0,mm/hour
cellblock_4,Nidagundi+Ramanagara+Khanapur+Ballari+Hiriyur+Sorab+Karkal,Vijayapura+Bengaluru South+Belagavi+Ballari+Chitradurga+Shivamogga+Udupi,central_plateau+coastal_inland_coast+northern_dry_plains+southern_plateau+western_ghats_malnad,52,20,52.725396264512874,811.9818859882791,False,rainfall_mm,B_ridge,455520,0.024900720434545186,0.08738774347835015,-0.0028590519341212613,273425,mm/hour
cellblock_4,Nidagundi+Ramanagara+Khanapur+Ballari+Hiriyur+Sorab+Karkal,Vijayapura+Bengaluru South+Belagavi+Ballari+Chitradurga+Shivamogga+Udupi,central_plateau+coastal_inland_coast+northern_dry_plains+southern_plateau+western_ghats_malnad,52,20,52.725396264512874,811.9818859882791,False,rainfall_mm,C1,455520,0.027491570569520857,0.18304046970281262,-0.002842518052438632,85808,mm/hour
cellblock_4,Nidagundi+Ramanagara+Khanapur+Ballari+Hiriyur+Sorab+Karkal,Vijayapura+Bengaluru South+Belagavi+Ballari+Chitradurga+Shivamogga+Udupi,central_plateau+coastal_inland_coast+northern_dry_plains+southern_plateau+western_ghats_malnad,52,20,52.725396264512874,811.9818859882791,False,rainfall_mm,C2,455520,0.027803570436191288,0.18394908721725603,-0.0025601030575346214,49218,mm/hour
cellblock_4,Nidagundi+Ramanagara+Khanapur+Ballari+Hiriyur+Sorab+Karkal,Vijayapura+Bengaluru South+Belagavi+Ballari+Chitradurga+Shivamogga+Udupi,central_plateau+coastal_inland_coast+northern_dry_plains+southern_plateau+western_ghats_malnad,52,20,52.725396264512874,811.9818859882791,False,rainfall_mm,C3,455520,0.027749100178248377,0.18435037000581608,-0.003099067250824589,31422,mm/hour
cellblock_4,Nidagundi+Ramanagara+Khanapur+Ballari+Hiriyur+Sorab+Karkal,Vijayapura+Bengaluru South+Belagavi+Ballari+Chitradurga+Shivamogga+Udupi,central_plateau+coastal_inland_coast+northern_dry_plains+southern_plateau+western_ghats_malnad,52,20,52.725396264512874,811.9818859882791,False,rainfall_mm,C4,455520,0.02821344865597001,0.19322168943818335,-0.004682965329964317,55820,mm/hour
cellblock_4,Nidagundi+Ramanagara+Khanapur+Ballari+Hiriyur+Sorab+Karkal,Vijayapura+Bengaluru South+Belagavi+Ballari+Chitradurga+Shivamogga+Udupi,central_plateau+coastal_inland_coast+northern_dry_plains+southern_plateau+western_ghats_malnad,52,20,52.725396264512874,811.9818859882791,False,wind_speed_kmph,A1_bilinear,455520,1.4965285497449239,1.9470630994113938,1.0906815393172338,0,km/h
cellblock_4,Nidagundi+Ramanagara+Khanapur+Ballari+Hiriyur+Sorab+Karkal,Vijayapura+Bengaluru South+Belagavi+Ballari+Chitradurga+Shivamogga+Udupi,central_plateau+coastal_inland_coast+northern_dry_plains+southern_plateau+western_ghats_malnad,52,20,52.725396264512874,811.9818859882791,False,wind_speed_kmph,A2_nearest,455520,1.6456597496709933,2.13394411373622,1.1427413378720959,0,km/h
cellblock_4,Nidagundi+Ramanagara+Khanapur+Ballari+Hiriyur+Sorab+Karkal,Vijayapura+Bengaluru South+Belagavi+Ballari+Chitradurga+Shivamogga+Udupi,central_plateau+coastal_inland_coast+northern_dry_plains+southern_plateau+western_ghats_malnad,52,20,52.725396264512874,811.9818859882791,False,wind_speed_kmph,B_ridge,455520,1.105484578059745,1.4956070179629608,0.17912836087923953,65,km/h
cellblock_4,Nidagundi+Ramanagara+Khanapur+Ballari+Hiriyur+Sorab+Karkal,Vijayapura+Bengaluru South+Belagavi+Ballari+Chitradurga+Shivamogga+Udupi,central_plateau+coastal_inland_coast+northern_dry_plains+southern_plateau+western_ghats_malnad,52,20,52.725396264512874,811.9818859882791,False,wind_speed_kmph,C1,455520,1.0537741956473494,1.4182065525802054,0.12006674431638305,0,km/h
cellblock_4,Nidagundi+Ramanagara+Khanapur+Ballari+Hiriyur+Sorab+Karkal,Vijayapura+Bengaluru South+Belagavi+Ballari+Chitradurga+Shivamogga+Udupi,central_plateau+coastal_inland_coast+northern_dry_plains+southern_plateau+western_ghats_malnad,52,20,52.725396264512874,811.9818859882791,False,wind_speed_kmph,C2,455520,1.013296404721918,1.387493229763847,0.12620514644320407,0,km/h
cellblock_4,Nidagundi+Ramanagara+Khanapur+Ballari+Hiriyur+Sorab+Karkal,Vijayapura+Bengaluru South+Belagavi+Ballari+Chitradurga+Shivamogga+Udupi,central_plateau+coastal_inland_coast+northern_dry_plains+southern_plateau+western_ghats_malnad,52,20,52.725396264512874,811.9818859882791,False,wind_speed_kmph,C3,455520,1.0207052472740228,1.3947009995470756,0.1749021749927578,0,km/h
cellblock_4,Nidagundi+Ramanagara+Khanapur+Ballari+Hiriyur+Sorab+Karkal,Vijayapura+Bengaluru South+Belagavi+Ballari+Chitradurga+Shivamogga+Udupi,central_plateau+coastal_inland_coast+northern_dry_plains+southern_plateau+western_ghats_malnad,52,20,52.725396264512874,811.9818859882791,False,wind_speed_kmph,C4,455520,1.0046282289458066,1.3742802665176537,0.1820026063979818,0,km/h
