state_name,state_lgd_code,district_name,district_lgd_code,block_name,block_lgd_code,panchayat_name,panchayat_lgd_code,source,source_url,retrieved_at,source_note
Karnataka,29,Bagalkot,479,Guledagudda,296788,Haldur,215153,"Ministry of Panchayati Raj -- Local Government Directory (LGD), pri_local_bodies component",https://github.com/ramSeraph/opendata/releases/tag/lgd-latest-extra1 (asset pri_local_bodies.22Sep2026.csv.7z); origin https://lgdirectory.gov.in,2026-09-22,"LGD identity/metadata only — no coordinates, elevation, or geometry. Not linked to research/pilot_points.py or any ERA5-Land grid cell. 'district' fields use the Zila Panchayat PRI-tier code (verified parent of the selected block via Parent Localbody Code), which is a DIFFERENT code namespace from LGD's separate Revenue-Department district code. districts.csv name-matched candidate: Bagalkote (District Code 524) — NOT code-linked to the Zila Panchayat used here; name match only, not asserted as the same code. 'block' fields use the Taluka Panchayat PRI tier, a separate LGD entity from 'Development Block' (blocks.csv), which was not fetched or joined."
Karnataka,29,Bagalkot,479,Guledagudda,296788,Hanapur-Sp,273087,"Ministry of Panchayati Raj -- Local Government Directory (LGD), pri_local_bodies component",https://github.com/ramSeraph/opendata/releases/tag/lgd-latest-extra1 (asset pri_local_bodies.22Sep2026.csv.7z); origin https://lgdirectory.gov.in,2026-09-22,"LGD identity/metadata only — no coordinates, elevation, or geometry. Not linked to research/pilot_points.py or any ERA5-Land grid cell. 'district' fields use the Zila Panchayat PRI-tier code (verified parent of the selected block via Parent Localbody Code), which is a DIFFERENT code namespace from LGD's separate Revenue-Department district code. districts.csv name-matched candidate: Bagalkote (District Code 524) — NOT code-linked to the Zila Panchayat used here; name match only, not asserted as the same code. 'block' fields use the Taluka Panchayat PRI tier, a separate LGD entity from 'Development Block' (blocks.csv), which was not fetched or joined."
Karnataka,29,Bagalkot,479,Guledagudda,296788,Hangaragi,273088,"Ministry of Panchayati Raj -- Local Government Directory (LGD), pri_local_bodies component",https://github.com/ramSeraph/opendata/releases/tag/lgd-latest-extra1 (asset pri_local_bodies.22Sep2026.csv.7z); origin https://lgdirectory.gov.in,2026-09-22,"LGD identity/metadata only — no coordinates, elevation, or geometry. Not linked to research/pilot_points.py or any ERA5-Land grid cell. 'district' fields use the Zila Panchayat PRI-tier code (verified parent of the selected block via Parent Localbody Code), which is a DIFFERENT code namespace from LGD's separate Revenue-Department district code. districts.csv name-matched candidate: Bagalkote (District Code 524) — NOT code-linked to the Zila Panchayat used here; name match only, not asserted as the same code. 'block' fields use the Taluka Panchayat PRI tier, a separate LGD entity from 'Development Block' (blocks.csv), which was not fetched or joined."
Karnataka,29,Bagalkot,479,Guledagudda,296788,Hansanur,215155,"Ministry of Panchayati Raj -- Local Government Directory (LGD), pri_local_bodies component",https://github.com/ramSeraph/opendata/releases/tag/lgd-latest-extra1 (asset pri_local_bodies.22Sep2026.csv.7z); origin https://lgdirectory.gov.in,2026-09-22,"LGD identity/metadata only — no coordinates, elevation, or geometry. Not linked to research/pilot_points.py or any ERA5-Land grid cell. 'district' fields use the Zila Panchayat PRI-tier code (verified parent of the selected block via Parent Localbody Code), which is a DIFFERENT code namespace from LGD's separate Revenue-Department district code. districts.csv name-matched candidate: Bagalkote (District Code 524) — NOT code-linked to the Zila Panchayat used here; name match only, not asserted as the same code. 'block' fields use the Taluka Panchayat PRI tier, a separate LGD entity from 'Development Block' (blocks.csv), which was not fetched or joined."
Karnataka,29,Bagalkot,479,Guledagudda,296788,Jamankatti,215161,"Ministry of Panchayati Raj -- Local Government Directory (LGD), pri_local_bodies component",https://github.com/ramSeraph/opendata/releases/tag/lgd-latest-extra1 (asset pri_local_bodies.22Sep2026.csv.7z); origin https://lgdirectory.gov.in,2026-09-22,"LGD identity/metadata only — no coordinates, elevation, or geometry. Not linked to research/pilot_points.py or any ERA5-Land grid cell. 'district' fields use the Zila Panchayat PRI-tier code (verified parent of the selected block via Parent Localbody Code), which is a DIFFERENT code namespace from LGD's separate Revenue-Department district code. districts.csv name-matched candidate: Bagalkote (District Code 524) — NOT code-linked to the Zila Panchayat used here; name match only, not asserted as the same code. 'block' fields use the Taluka Panchayat PRI tier, a separate LGD entity from 'Development Block' (blocks.csv), which was not fetched or joined."
Karnataka,29,Bagalkot,479,Guledagudda,296788,Katageri,215163,"Ministry of Panchayati Raj -- Local Government Directory (LGD), pri_local_bodies component",https://github.com/ramSeraph/opendata/releases/tag/lgd-latest-extra1 (asset pri_local_bodies.22Sep2026.csv.7z); origin https://lgdirectory.gov.in,2026-09-22,"LGD identity/metadata only — no coordinates, elevation, or geometry. Not linked to research/pilot_points.py or any ERA5-Land grid cell. 'district' fields use the Zila Panchayat PRI-tier code (verified parent of the selected block via Parent Localbody Code), which is a DIFFERENT code namespace from LGD's separate Revenue-Department district code. districts.csv name-matched candidate: Bagalkote (District Code 524) — NOT code-linked to the Zila Panchayat used here; name match only, not asserted as the same code. 'block' fields use the Taluka Panchayat PRI tier, a separate LGD entity from 'Development Block' (blocks.csv), which was not fetched or joined."
Karnataka,29,Bagalkot,479,Guledagudda,296788,Kelavadi,215165,"Ministry of Panchayati Raj -- Local Government Directory (LGD), pri_local_bodies component",https://github.com/ramSeraph/opendata/releases/tag/lgd-latest-extra1 (asset pri_local_bodies.22Sep2026.csv.7z); origin https://lgdirectory.gov.in,2026-09-22,"LGD identity/metadata only — no coordinates, elevation, or geometry. Not linked to research/pilot_points.py or any ERA5-Land grid cell. 'district' fields use the Zila Panchayat PRI-tier code (verified parent of the selected block via Parent Localbody Code), which is a DIFFERENT code namespace from LGD's separate Revenue-Department district code. districts.csv name-matched candidate: Bagalkote (District Code 524) — NOT code-linked to the Zila Panchayat used here; name match only, not asserted as the same code. 'block' fields use the Taluka Panchayat PRI tier, a separate LGD entity from 'Development Block' (blocks.csv), which was not fetched or joined."
Karnataka,29,Bagalkot,479,Guledagudda,296788,Kotikal,215168,"Ministry of Panchayati Raj -- Local Government Directory (LGD), pri_local_bodies component",https://github.com/ramSeraph/opendata/releases/tag/lgd-latest-extra1 (asset pri_local_bodies.22Sep2026.csv.7z); origin https://lgdirectory.gov.in,2026-09-22,"LGD identity/metadata only — no coordinates, elevation, or geometry. Not linked to research/pilot_points.py or any ERA5-Land grid cell. 'district' fields use the Zila Panchayat PRI-tier code (verified parent of the selected block via Parent Localbody Code), which is a DIFFERENT code namespace from LGD's separate Revenue-Department district code. districts.csv name-matched candidate: Bagalkote (District Code 524) — NOT code-linked to the Zila Panchayat used here; name match only, not asserted as the same code. 'block' fields use the Taluka Panchayat PRI tier, a separate LGD entity from 'Development Block' (blocks.csv), which was not fetched or joined."
Karnataka,29,Bagalkot,479,Guledagudda,296788,Layadgundi,215169,"Ministry of Panchayati Raj -- Local Government Directory (LGD), pri_local_bodies component",https://github.com/ramSeraph/opendata/releases/tag/lgd-latest-extra1 (asset pri_local_bodies.22Sep2026.csv.7z); origin https://lgdirectory.gov.in,2026-09-22,"LGD identity/metadata only — no coordinates, elevation, or geometry. Not linked to research/pilot_points.py or any ERA5-Land grid cell. 'district' fields use the Zila Panchayat PRI-tier code (verified parent of the selected block via Parent Localbody Code), which is a DIFFERENT code namespace from LGD's separate Revenue-Department district code. districts.csv name-matched candidate: Bagalkote (District Code 524) — NOT code-linked to the Zila Panchayat used here; name match only, not asserted as the same code. 'block' fields use the Taluka Panchayat PRI tier, a separate LGD entity from 'Development Block' (blocks.csv), which was not fetched or joined."
Karnataka,29,Bagalkot,479,Guledagudda,296788,Mangalagudda,273091,"Ministry of Panchayati Raj -- Local Government Directory (LGD), pri_local_bodies component",https://github.com/ramSeraph/opendata/releases/tag/lgd-latest-extra1 (asset pri_local_bodies.22Sep2026.csv.7z); origin https://lgdirectory.gov.in,2026-09-22,"LGD identity/metadata only — no coordinates, elevation, or geometry. Not linked to research/pilot_points.py or any ERA5-Land grid cell. 'district' fields use the Zila Panchayat PRI-tier code (verified parent of the selected block via Parent Localbody Code), which is a DIFFERENT code namespace from LGD's separate Revenue-Department district code. districts.csv name-matched candidate: Bagalkote (District Code 524) — NOT code-linked to the Zila Panchayat used here; name match only, not asserted as the same code. 'block' fields use the Taluka Panchayat PRI tier, a separate LGD entity from 'Development Block' (blocks.csv), which was not fetched or joined."
Karnataka,29,Bagalkot,479,Guledagudda,296788,Nagaral S.P.,215174,"Ministry of Panchayati Raj -- Local Government Directory (LGD), pri_local_bodies component",https://github.com/ramSeraph/opendata/releases/tag/lgd-latest-extra1 (asset pri_local_bodies.22Sep2026.csv.7z); origin https://lgdirectory.gov.in,2026-09-22,"LGD identity/metadata only — no coordinates, elevation, or geometry. Not linked to research/pilot_points.py or any ERA5-Land grid cell. 'district' fields use the Zila Panchayat PRI-tier code (verified parent of the selected block via Parent Localbody Code), which is a DIFFERENT code namespace from LGD's separate Revenue-Department district code. districts.csv name-matched candidate: Bagalkote (District Code 524) — NOT code-linked to the Zila Panchayat used here; name match only, not asserted as the same code. 'block' fields use the Taluka Panchayat PRI tier, a separate LGD entity from 'Development Block' (blocks.csv), which was not fetched or joined."
Karnataka,29,Bagalkot,479,Guledagudda,296788,Parvati,215179,"Ministry of Panchayati Raj -- Local Government Directory (LGD), pri_local_bodies component",https://github.com/ramSeraph/opendata/releases/tag/lgd-latest-extra1 (asset pri_local_bodies.22Sep2026.csv.7z); origin https://lgdirectory.gov.in,2026-09-22,"LGD identity/metadata only — no coordinates, elevation, or geometry. Not linked to research/pilot_points.py or any ERA5-Land grid cell. 'district' fields use the Zila Panchayat PRI-tier code (verified parent of the selected block via Parent Localbody Code), which is a DIFFERENT code namespace from LGD's separate Revenue-Department district code. districts.csv name-matched candidate: Bagalkote (District Code 524) — NOT code-linked to the Zila Panchayat used here; name match only, not asserted as the same code. 'block' fields use the Taluka Panchayat PRI tier, a separate LGD entity from 'Development Block' (blocks.csv), which was not fetched or joined."
