tp_code,tp_name,zp_name,decision,lgd_gps,complete_gps,complete_share,era5_land_cells,new_cells,adjacent_to_yelandur,cells_single_gp,distance_to_yelandur_km,elevation_status,gp_mean_elev_spread_m,outside_ka_new_cells,reasons
293922,K G F,Kolar,CONDITIONAL,16,14,0.875,5,5,0,1,172.0,PENDING_TILE_DOWNLOAD,,1,14/16 GPs COMPLETE (88%) | 5 new ERA5-Land cells | 172 km from Yelandur | 1 new cell centre(s) outside Karnataka village polygons (possible sea / other-state cell; ERA5-Land land-sea mask not checked)
294318,Kittur,Belagavi,RECOMMEND_FOR_SHORTLIST,17,16,0.9412,5,5,0,1,471.9,PENDING_TILE_DOWNLOAD,,0,16/17 GPs COMPLETE (94%) | 5 new ERA5-Land cells | 472 km from Yelandur
296774,Laxmeshwara,Gadag,RECOMMEND_FOR_SHORTLIST,14,13,0.9286,6,6,0,3,380.4,PENDING_TILE_DOWNLOAD,,0,13/14 GPs COMPLETE (93%) | 6 new ERA5-Land cells | 380 km from Yelandur
296775,Gajendragada,Gadag,RECOMMEND_FOR_SHORTLIST,13,12,0.9231,8,8,0,5,428.1,PENDING_TILE_DOWNLOAD,,0,12/13 GPs COMPLETE (92%) | 8 new ERA5-Land cells | 428 km from Yelandur
296776,Dandeli,Uttara Kannada,RECOMMEND_FOR_SHORTLIST,4,4,1.0,3,3,0,2,439.8,PENDING_TILE_DOWNLOAD,,0,4/4 GPs COMPLETE (100%) | 3 new ERA5-Land cells | 440 km from Yelandur
296777,Gurumitkal,Yadgir,EXCLUDE,18,11,0.6111,6,6,0,3,518.5,PENDING_TILE_DOWNLOAD,,0,COMPLETE spatial-proxy share 0.61 < 0.8
296778,Hunasagi,Yadgir,EXCLUDE,18,10,0.5556,9,9,0,8,490.4,PENDING_TILE_DOWNLOAD,,0,COMPLETE spatial-proxy share 0.56 < 0.8
296779,Vadagera,Yadgir,RECOMMEND_FOR_SHORTLIST,17,17,1.0,10,10,0,5,505.7,PENDING_TILE_DOWNLOAD,,0,17/17 GPs COMPLETE (100%) | 10 new ERA5-Land cells | 506 km from Yelandur
296780,Ajjampura,Chikkamagaluru,RECOMMEND_FOR_SHORTLIST,19,18,0.9474,7,7,0,4,222.7,PENDING_TILE_DOWNLOAD,,0,18/19 GPs COMPLETE (95%) | 7 new ERA5-Land cells | 223 km from Yelandur
296781,Alnavar,Dharwad,EXCLUDE,4,2,0.5,1,1,0,0,450.9,PENDING_TILE_DOWNLOAD,,0,COMPLETE spatial-proxy share 0.50 < 0.8 | 1 new ERA5-Land cells < 3
296782,Annigeri,Dharwad,RECOMMEND_FOR_SHORTLIST,9,9,1.0,6,6,0,3,420.8,PENDING_TILE_DOWNLOAD,,0,9/9 GPs COMPLETE (100%) | 6 new ERA5-Land cells | 421 km from Yelandur
296784,Kanakagiri,Koppal,RECOMMEND_FOR_SHORTLIST,11,10,0.9091,7,7,0,4,400.7,PENDING_TILE_DOWNLOAD,,0,10/11 GPs COMPLETE (91%) | 7 new ERA5-Land cells | 401 km from Yelandur
296785,Karatagi,Koppal,RECOMMEND_FOR_SHORTLIST,13,13,1.0,6,6,0,1,393.1,PENDING_TILE_DOWNLOAD,,0,13/13 GPs COMPLETE (100%) | 6 new ERA5-Land cells | 393 km from Yelandur
296786,Kukunuru,Koppal,RECOMMEND_FOR_SHORTLIST,15,15,1.0,7,7,0,2,396.4,PENDING_TILE_DOWNLOAD,,0,15/15 GPs COMPLETE (100%) | 7 new ERA5-Land cells | 396 km from Yelandur
296787,Nyamathi,Davangere,RECOMMEND_FOR_SHORTLIST,17,16,0.9412,6,6,0,1,281.8,PENDING_TILE_DOWNLOAD,,0,16/17 GPs COMPLETE (94%) | 6 new ERA5-Land cells | 282 km from Yelandur
296788,Guledagudda,Bagalkot,RECOMMEND_FOR_SHORTLIST,12,10,0.8333,4,4,0,1,466.2,PENDING_TILE_DOWNLOAD,,0,10/12 GPs COMPLETE (83%) | 4 new ERA5-Land cells | 466 km from Yelandur
296789,Yelahanka,Bengaluru Urban,RECOMMEND_FOR_SHORTLIST,18,15,0.8333,6,6,0,3,134.5,PENDING_TILE_DOWNLOAD,,0,15/18 GPs COMPLETE (83%) | 6 new ERA5-Land cells | 134 km from Yelandur
296790,Hebri,Udupi,RECOMMEND_FOR_SHORTLIST,9,9,1.0,4,4,0,2,272.9,PENDING_TILE_DOWNLOAD,,0,9/9 GPs COMPLETE (100%) | 4 new ERA5-Land cells | 273 km from Yelandur
296791,Bynduru,Udupi,CONDITIONAL,15,15,1.0,7,7,0,4,323.2,PENDING_TILE_DOWNLOAD,,2,15/15 GPs COMPLETE (100%) | 7 new ERA5-Land cells | 323 km from Yelandur | 2 new cell centre(s) outside Karnataka village polygons (possible sea / other-state cell; ERA5-Land land-sea mask not checked)
296792,Kapu,Udupi,CONDITIONAL,16,15,0.9375,4,4,0,1,278.4,PENDING_TILE_DOWNLOAD,,1,15/16 GPs COMPLETE (94%) | 4 new ERA5-Land cells | 278 km from Yelandur | 1 new cell centre(s) outside Karnataka village polygons (possible sea / other-state cell; ERA5-Land land-sea mask not checked)
296793,Brahmavara,Udupi,RECOMMEND_FOR_SHORTLIST,27,27,1.0,6,6,0,0,293.7,PENDING_TILE_DOWNLOAD,,0,27/27 GPs COMPLETE (100%) | 6 new ERA5-Land cells | 294 km from Yelandur
296794,Hanuru,Chamarajanagar,EXCLUDE,25,24,0.96,15,15,3,7,37.0,COMPUTED_FROM_LOCAL_GLO30,480.8,2,distance to Yelandur 37.0 km < 50 km
296795,Rattihalli,Haveri,RECOMMEND_FOR_SHORTLIST,19,19,1.0,7,7,0,1,311.0,PENDING_TILE_DOWNLOAD,,0,19/19 GPs COMPLETE (100%) | 7 new ERA5-Land cells | 311 km from Yelandur
296796,Ilkal,Bagalkot,RECOMMEND_FOR_SHORTLIST,16,14,0.875,9,9,0,4,449.1,PENDING_TILE_DOWNLOAD,,0,14/16 GPs COMPLETE (88%) | 9 new ERA5-Land cells | 449 km from Yelandur
296797,Rabakavi Banahatti,Bagalkot,RECOMMEND_FOR_SHORTLIST,17,17,1.0,7,7,0,1,532.4,PENDING_TILE_DOWNLOAD,,0,17/17 GPs COMPLETE (100%) | 7 new ERA5-Land cells | 532 km from Yelandur
296798,Kagawada,Belagavi,EXCLUDE,8,6,0.75,5,5,0,4,567.0,PENDING_TILE_DOWNLOAD,,0,COMPLETE spatial-proxy share 0.75 < 0.8
296799,Mudalagi,Belagavi,RECOMMEND_FOR_SHORTLIST,20,16,0.8,9,9,0,6,521.6,PENDING_TILE_DOWNLOAD,,0,16/20 GPs COMPLETE (80%) | 9 new ERA5-Land cells | 522 km from Yelandur
296800,Nippani,Belagavi,EXCLUDE,27,19,0.7037,8,8,0,3,571.4,PENDING_TILE_DOWNLOAD,,2,COMPLETE spatial-proxy share 0.70 < 0.8
296801,Kampli,Ballari,RECOMMEND_FOR_SHORTLIST,10,9,0.9,4,4,0,0,369.6,PENDING_TILE_DOWNLOAD,,0,9/10 GPs COMPLETE (90%) | 4 new ERA5-Land cells | 370 km from Yelandur
296802,Kottur,Vijayanagara,EXCLUDE,14,9,0.6429,5,5,0,2,314.4,PENDING_TILE_DOWNLOAD,,0,COMPLETE spatial-proxy share 0.64 < 0.8
296803,Kurugodu,Ballari,RECOMMEND_FOR_SHORTLIST,12,12,1.0,6,6,0,3,363.9,PENDING_TILE_DOWNLOAD,,0,12/12 GPs COMPLETE (100%) | 6 new ERA5-Land cells | 364 km from Yelandur
296804,Chittaguppa,Bidar,RECOMMEND_FOR_SHORTLIST,14,12,0.8571,7,7,0,4,625.9,PENDING_TILE_DOWNLOAD,,0,12/14 GPs COMPLETE (86%) | 7 new ERA5-Land cells | 626 km from Yelandur
296805,Hulasuru,Bidar,CONDITIONAL,7,7,1.0,4,4,0,3,660.0,PENDING_TILE_DOWNLOAD,,1,7/7 GPs COMPLETE (100%) | 4 new ERA5-Land cells | 660 km from Yelandur | 1 new cell centre(s) outside Karnataka village polygons (possible sea / other-state cell; ERA5-Land land-sea mask not checked)
296806,Kamalanagara,Bidar,CONDITIONAL,18,18,1.0,6,6,0,2,687.0,PENDING_TILE_DOWNLOAD,,1,18/18 GPs COMPLETE (100%) | 6 new ERA5-Land cells | 687 km from Yelandur | 1 new cell centre(s) outside Karnataka village polygons (possible sea / other-state cell; ERA5-Land land-sea mask not checked)
296807,Kadaba,Dakshina Kannada,RECOMMEND_FOR_SHORTLIST,21,21,1.0,8,8,0,1,193.0,PENDING_TILE_DOWNLOAD,,0,21/21 GPs COMPLETE (100%) | 8 new ERA5-Land cells | 193 km from Yelandur
296808,Mudubidare,Dakshina Kannada,RECOMMEND_FOR_SHORTLIST,12,12,1.0,5,5,0,1,251.3,PENDING_TILE_DOWNLOAD,,0,12/12 GPs COMPLETE (100%) | 5 new ERA5-Land cells | 251 km from Yelandur
296809,Kalagi,Kalaburagi,RECOMMEND_FOR_SHORTLIST,19,17,0.8947,8,8,0,2,592.1,PENDING_TILE_DOWNLOAD,,0,17/19 GPs COMPLETE (89%) | 8 new ERA5-Land cells | 592 km from Yelandur
296810,Kamalapur,Kalaburagi,RECOMMEND_FOR_SHORTLIST,18,18,1.0,9,9,0,4,613.3,PENDING_TILE_DOWNLOAD,,0,18/18 GPs COMPLETE (100%) | 9 new ERA5-Land cells | 613 km from Yelandur
296811,Shabad,Kalaburagi,EXCLUDE,7,4,0.5714,3,3,0,2,565.3,PENDING_TILE_DOWNLOAD,,0,COMPLETE spatial-proxy share 0.57 < 0.8
296812,Yadrami,Kalaburagi,RECOMMEND_FOR_SHORTLIST,16,16,1.0,7,7,0,1,535.9,PENDING_TILE_DOWNLOAD,,0,16/16 GPs COMPLETE (100%) | 7 new ERA5-Land cells | 536 km from Yelandur
296813,Saraguru,Mysuru,RECOMMEND_FOR_SHORTLIST,13,13,1.0,7,7,0,3,73.1,COMPUTED_FROM_LOCAL_GLO30,139.9,0,13/13 GPs COMPLETE (100%) | 7 new ERA5-Land cells | 73 km from Yelandur
296814,Maski,Raichur,RECOMMEND_FOR_SHORTLIST,21,21,1.0,14,14,0,9,438.2,PENDING_TILE_DOWNLOAD,,0,21/21 GPs COMPLETE (100%) | 14 new ERA5-Land cells | 438 km from Yelandur
296815,Sirawara,Raichur,RECOMMEND_FOR_SHORTLIST,14,14,1.0,7,7,0,3,451.9,PENDING_TILE_DOWNLOAD,,0,14/14 GPs COMPLETE (100%) | 7 new ERA5-Land cells | 452 km from Yelandur
296816,Babaleshwar,Vijayapura,RECOMMEND_FOR_SHORTLIST,14,14,1.0,8,8,0,3,528.9,PENDING_TILE_DOWNLOAD,,0,14/14 GPs COMPLETE (100%) | 8 new ERA5-Land cells | 529 km from Yelandur
296817,Chadachana,Vijayapura,CONDITIONAL,13,11,0.8462,8,8,0,5,604.7,PENDING_TILE_DOWNLOAD,,3,11/13 GPs COMPLETE (85%) | 8 new ERA5-Land cells | 605 km from Yelandur | 3 new cell centre(s) outside Karnataka village polygons (possible sea / other-state cell; ERA5-Land land-sea mask not checked)
296818,Devara Hipparagi,Vijayapura,EXCLUDE,14,11,0.7857,10,10,0,9,532.8,PENDING_TILE_DOWNLOAD,,0,COMPLETE spatial-proxy share 0.79 < 0.8
296819,Kolhar,Vijayapura,RECOMMEND_FOR_SHORTLIST,10,9,0.9,6,6,0,3,513.5,PENDING_TILE_DOWNLOAD,,0,9/10 GPs COMPLETE (90%) | 6 new ERA5-Land cells | 514 km from Yelandur
296820,Nidagundi,Vijayapura,RECOMMEND_FOR_SHORTLIST,11,11,1.0,6,6,0,3,498.2,PENDING_TILE_DOWNLOAD,,0,11/11 GPs COMPLETE (100%) | 6 new ERA5-Land cells | 498 km from Yelandur
296821,Thalikoti,Vijayapura,RECOMMEND_FOR_SHORTLIST,14,14,1.0,9,9,0,6,504.5,PENDING_TILE_DOWNLOAD,,0,14/14 GPs COMPLETE (100%) | 9 new ERA5-Land cells | 504 km from Yelandur
296822,Thikota,Vijayapura,CONDITIONAL,14,12,0.8571,10,10,0,8,560.7,PENDING_TILE_DOWNLOAD,,1,12/14 GPs COMPLETE (86%) | 10 new ERA5-Land cells | 561 km from Yelandur | 1 new cell centre(s) outside Karnataka village polygons (possible sea / other-state cell; ERA5-Land land-sea mask not checked)
299110,Almel,Vijayapura,RECOMMEND_FOR_SHORTLIST,13,12,0.9231,9,9,0,7,561.4,PENDING_TILE_DOWNLOAD,,0,12/13 GPs COMPLETE (92%) | 9 new ERA5-Land cells | 561 km from Yelandur
299343,Kushalanagar,Kodagu,EXCLUDE,16,4,0.25,3,3,0,2,137.6,PENDING_TILE_DOWNLOAD,,0,COMPLETE spatial-proxy share 0.25 < 0.8
299344,Ponnampet,Kodagu,EXCLUDE,20,6,0.3,4,4,0,2,119.3,PENDING_TILE_DOWNLOAD,,0,COMPLETE spatial-proxy share 0.30 < 0.8
299599,Mulki,Dakshina Kannada,RECOMMEND_FOR_SHORTLIST,7,7,1.0,3,3,0,1,268.7,PENDING_TILE_DOWNLOAD,,0,7/7 GPs COMPLETE (100%) | 3 new ERA5-Land cells | 269 km from Yelandur
299600,Ullala,Dakshina Kannada,EXCLUDE,17,16,0.9412,2,2,0,0,246.3,PENDING_TILE_DOWNLOAD,,0,2 new ERA5-Land cells < 3
299601,Saligrama,Mysuru,RECOMMEND_FOR_SHORTLIST,19,17,0.8947,6,6,0,2,102.4,COMPUTED_FROM_LOCAL_GLO30,65.0,0,17/19 GPs COMPLETE (89%) | 6 new ERA5-Land cells | 102 km from Yelandur
299602,Kalasa,Chikkamagaluru,RECOMMEND_FOR_SHORTLIST,6,6,1.0,4,4,0,2,226.9,PENDING_TILE_DOWNLOAD,,0,6/6 GPs COMPLETE (100%) | 4 new ERA5-Land cells | 227 km from Yelandur
301517,Cheluru,Chikballapur,CONDITIONAL,12,11,0.9167,7,7,0,4,213.7,PENDING_TILE_DOWNLOAD,,2,11/12 GPs COMPLETE (92%) | 7 new ERA5-Land cells | 214 km from Yelandur | 2 new cell centre(s) outside Karnataka village polygons (possible sea / other-state cell; ERA5-Land land-sea mask not checked)
301518,Harohalli,Bengaluru South,RECOMMEND_FOR_SHORTLIST,11,11,1.0,4,4,0,1,78.6,COMPUTED_FROM_LOCAL_GLO30,160.8,0,11/11 GPs COMPLETE (100%) | 4 new ERA5-Land cells | 79 km from Yelandur
301519,Manchenahalli,Chikballapur,EXCLUDE,7,4,0.5714,3,3,0,2,170.9,PENDING_TILE_DOWNLOAD,,0,COMPLETE spatial-proxy share 0.57 < 0.8
301521,Yaragatti,Belagavi,EXCLUDE,12,7,0.5833,5,5,0,3,494.3,PENDING_TILE_DOWNLOAD,,0,COMPLETE spatial-proxy share 0.58 < 0.8
6084,Badami,Bagalkot,RECOMMEND_FOR_SHORTLIST,30,28,0.9333,14,14,0,8,462.1,PENDING_TILE_DOWNLOAD,,0,28/30 GPs COMPLETE (93%) | 14 new ERA5-Land cells | 462 km from Yelandur
6085,Bagalkot,Bagalkot,EXCLUDE,29,23,0.7931,10,10,0,3,484.9,PENDING_TILE_DOWNLOAD,,0,COMPLETE spatial-proxy share 0.79 < 0.8
6086,Bilagi,Bagalkot,EXCLUDE,24,18,0.75,11,11,0,4,503.7,PENDING_TILE_DOWNLOAD,,0,COMPLETE spatial-proxy share 0.75 < 0.8
6087,Hungund,Bagalkot,RECOMMEND_FOR_SHORTLIST,19,19,1.0,8,8,0,1,465.9,PENDING_TILE_DOWNLOAD,,0,19/19 GPs COMPLETE (100%) | 8 new ERA5-Land cells | 466 km from Yelandur
6088,Jamkhandi,Bagalkot,RECOMMEND_FOR_SHORTLIST,26,26,1.0,11,11,0,3,534.5,PENDING_TILE_DOWNLOAD,,0,26/26 GPs COMPLETE (100%) | 11 new ERA5-Land cells | 535 km from Yelandur
6089,Mudhol,Bagalkot,RECOMMEND_FOR_SHORTLIST,23,23,1.0,10,10,0,3,508.5,PENDING_TILE_DOWNLOAD,,0,23/23 GPs COMPLETE (100%) | 10 new ERA5-Land cells | 509 km from Yelandur
6090,Anekal,Bengaluru Urban,EXCLUDE,28,20,0.7143,7,7,0,0,108.4,COMPUTED_FROM_LOCAL_GLO30,70.0,1,COMPLETE spatial-proxy share 0.71 < 0.8
6091,Bengaluru East,Bengaluru Urban,RECOMMEND_FOR_SHORTLIST,11,9,0.8182,4,4,0,1,130.4,PENDING_TILE_DOWNLOAD,,0,9/11 GPs COMPLETE (82%) | 4 new ERA5-Land cells | 130 km from Yelandur
6092,Bengaluru North,Bengaluru Urban,RECOMMEND_FOR_SHORTLIST,11,11,1.0,5,5,0,1,118.4,PENDING_TILE_DOWNLOAD,,0,11/11 GPs COMPLETE (100%) | 5 new ERA5-Land cells | 118 km from Yelandur
6093,Bengaluru South,Bengaluru Urban,RECOMMEND_FOR_SHORTLIST,17,14,0.8235,5,5,0,1,101.1,PENDING_TILE_DOWNLOAD,,0,14/17 GPs COMPLETE (82%) | 5 new ERA5-Land cells | 101 km from Yelandur
6094,Channapatna,Bengaluru South,RECOMMEND_FOR_SHORTLIST,32,32,1.0,8,8,0,3,63.3,COMPUTED_FROM_LOCAL_GLO30,145.9,0,32/32 GPs COMPLETE (100%) | 8 new ERA5-Land cells | 63 km from Yelandur
6095,Devanhalli,Bengaluru Rural,EXCLUDE,24,12,0.5,6,6,0,3,152.3,PENDING_TILE_DOWNLOAD,,0,COMPLETE spatial-proxy share 0.50 < 0.8
6096,Dodballapur,Bengaluru Rural,EXCLUDE,28,19,0.6786,7,7,0,1,147.6,PENDING_TILE_DOWNLOAD,,0,COMPLETE spatial-proxy share 0.68 < 0.8
6097,Hoskote,Bengaluru Rural,RECOMMEND_FOR_SHORTLIST,28,24,0.8571,7,7,0,2,142.6,PENDING_TILE_DOWNLOAD,,0,24/28 GPs COMPLETE (86%) | 7 new ERA5-Land cells | 143 km from Yelandur
6098,Kanakapura,Bengaluru South,RECOMMEND_FOR_SHORTLIST,31,30,0.9677,11,11,0,4,60.4,COMPUTED_FROM_LOCAL_GLO30,233.1,0,30/31 GPs COMPLETE (97%) | 11 new ERA5-Land cells | 60 km from Yelandur
6099,Magadi,Bengaluru South,EXCLUDE,32,25,0.7812,9,9,0,5,110.5,PENDING_TILE_DOWNLOAD,,0,COMPLETE spatial-proxy share 0.78 < 0.8
6100,Nelamangala,Bengaluru Rural,RECOMMEND_FOR_SHORTLIST,21,19,0.9048,8,8,0,4,127.1,PENDING_TILE_DOWNLOAD,,0,19/21 GPs COMPLETE (90%) | 8 new ERA5-Land cells | 127 km from Yelandur
6101,Ramanagara,Bengaluru South,RECOMMEND_FOR_SHORTLIST,20,20,1.0,8,8,0,2,82.2,COMPUTED_FROM_LOCAL_GLO30,117.8,0,20/20 GPs COMPLETE (100%) | 8 new ERA5-Land cells | 82 km from Yelandur
6102,Athni,Belagavi,EXCLUDE,46,32,0.6957,14,14,0,4,561.7,PENDING_TILE_DOWNLOAD,,1,COMPLETE spatial-proxy share 0.70 < 0.8
6103,Belagavi,Belagavi,EXCLUDE,55,40,0.7273,14,14,0,6,504.2,PENDING_TILE_DOWNLOAD,,0,COMPLETE spatial-proxy share 0.73 < 0.8
6104,Bylahongal,Belagavi,RECOMMEND_FOR_SHORTLIST,34,30,0.8824,10,10,0,2,481.1,PENDING_TILE_DOWNLOAD,,0,30/34 GPs COMPLETE (88%) | 10 new ERA5-Land cells | 481 km from Yelandur
6105,Chikodi,Belagavi,EXCLUDE,36,25,0.6944,11,11,0,3,558.0,PENDING_TILE_DOWNLOAD,,1,COMPLETE spatial-proxy share 0.69 < 0.8
6106,Gokak,Belagavi,EXCLUDE,33,22,0.6667,10,10,0,3,516.3,PENDING_TILE_DOWNLOAD,,0,COMPLETE spatial-proxy share 0.67 < 0.8
6107,Hukeri,Belagavi,EXCLUDE,52,38,0.7308,13,13,0,6,538.7,PENDING_TILE_DOWNLOAD,,3,COMPLETE spatial-proxy share 0.73 < 0.8
6108,Khanapur,Belagavi,RECOMMEND_FOR_SHORTLIST,51,48,0.9412,16,16,0,3,479.5,PENDING_TILE_DOWNLOAD,,0,48/51 GPs COMPLETE (94%) | 16 new ERA5-Land cells | 480 km from Yelandur
6109,Parasgad,Belagavi,EXCLUDE,32,23,0.7188,14,14,0,8,468.4,PENDING_TILE_DOWNLOAD,,0,COMPLETE spatial-proxy share 0.72 < 0.8
6110,Ramdurg,Belagavi,EXCLUDE,37,25,0.6757,13,13,0,7,477.8,PENDING_TILE_DOWNLOAD,,0,COMPLETE spatial-proxy share 0.68 < 0.8
6111,Raybag,Belagavi,RECOMMEND_FOR_SHORTLIST,38,31,0.8158,14,14,0,5,548.8,PENDING_TILE_DOWNLOAD,,0,31/38 GPs COMPLETE (82%) | 14 new ERA5-Land cells | 549 km from Yelandur
6112,Ballari,Ballari,RECOMMEND_FOR_SHORTLIST,25,25,1.0,11,11,0,3,349.5,PENDING_TILE_DOWNLOAD,,0,25/25 GPs COMPLETE (100%) | 11 new ERA5-Land cells | 349 km from Yelandur
6113,Hadagalli,Vijayanagara,RECOMMEND_FOR_SHORTLIST,26,24,0.9231,13,13,0,4,346.7,PENDING_TILE_DOWNLOAD,,0,24/26 GPs COMPLETE (92%) | 13 new ERA5-Land cells | 347 km from Yelandur
6114,Hagaribommanahalli,Vijayanagara,EXCLUDE,21,15,0.7143,10,10,0,6,349.6,PENDING_TILE_DOWNLOAD,,0,COMPLETE spatial-proxy share 0.71 < 0.8
6115,Hosapete,Vijayanagara,RECOMMEND_FOR_SHORTLIST,14,12,0.8571,7,7,0,3,359.3,PENDING_TILE_DOWNLOAD,,0,12/14 GPs COMPLETE (86%) | 7 new ERA5-Land cells | 359 km from Yelandur
6116,Kudligi,Vijayanagara,EXCLUDE,25,15,0.6,11,11,0,7,305.8,PENDING_TILE_DOWNLOAD,,0,COMPLETE spatial-proxy share 0.60 < 0.8
6117,Sandur,Ballari,EXCLUDE,26,19,0.7308,13,13,0,9,339.7,PENDING_TILE_DOWNLOAD,,0,COMPLETE spatial-proxy share 0.73 < 0.8
6118,Siruguppa,Ballari,CONDITIONAL,27,27,1.0,13,13,0,4,390.6,PENDING_TILE_DOWNLOAD,,2,27/27 GPs COMPLETE (100%) | 13 new ERA5-Land cells | 391 km from Yelandur | 2 new cell centre(s) outside Karnataka village polygons (possible sea / other-state cell; ERA5-Land land-sea mask not checked)
6119,Aurad,Bidar,CONDITIONAL,21,21,1.0,10,10,0,4,683.4,PENDING_TILE_DOWNLOAD,,3,21/21 GPs COMPLETE (100%) | 10 new ERA5-Land cells | 683 km from Yelandur | 3 new cell centre(s) outside Karnataka village polygons (possible sea / other-state cell; ERA5-Land land-sea mask not checked)
6120,Basavakalyan,Bidar,CONDITIONAL,31,29,0.9355,12,12,0,3,637.9,PENDING_TILE_DOWNLOAD,,2,29/31 GPs COMPLETE (94%) | 12 new ERA5-Land cells | 638 km from Yelandur | 2 new cell centre(s) outside Karnataka village polygons (possible sea / other-state cell; ERA5-Land land-sea mask not checked) | 2 COMPLETE GP(s) contain a village LGD maps to >1 GP
6121,Bhalki,Bidar,CONDITIONAL,40,32,0.8,12,12,0,2,663.4,PENDING_TILE_DOWNLOAD,,1,32/40 GPs COMPLETE (80%) | 12 new ERA5-Land cells | 663 km from Yelandur | 1 new cell centre(s) outside Karnataka village polygons (possible sea / other-state cell; ERA5-Land land-sea mask not checked)
6122,Bidar,Bidar,CONDITIONAL,33,31,0.9394,11,11,0,2,648.8,PENDING_TILE_DOWNLOAD,,2,31/33 GPs COMPLETE (94%) | 11 new ERA5-Land cells | 649 km from Yelandur | 2 new cell centre(s) outside Karnataka village polygons (possible sea / other-state cell; ERA5-Land land-sea mask not checked)
6123,Humnabad,Bidar,RECOMMEND_FOR_SHORTLIST,19,18,0.9474,8,8,0,4,641.9,PENDING_TILE_DOWNLOAD,,0,18/19 GPs COMPLETE (95%) | 8 new ERA5-Land cells | 642 km from Yelandur
6124,Basavana Bagewadi,Vijayapura,EXCLUDE,15,11,0.7333,9,9,0,7,514.9,PENDING_TILE_DOWNLOAD,,0,COMPLETE spatial-proxy share 0.73 < 0.8
6125,Vijayapura,Vijayapura,EXCLUDE,18,10,0.5556,7,7,0,4,551.8,PENDING_TILE_DOWNLOAD,,0,COMPLETE spatial-proxy share 0.56 < 0.8
6126,Indi,Vijayapura,RECOMMEND_FOR_SHORTLIST,38,34,0.8947,15,15,0,5,580.5,PENDING_TILE_DOWNLOAD,,0,34/38 GPs COMPLETE (89%) | 15 new ERA5-Land cells | 580 km from Yelandur
6127,Muddebihal,Vijayapura,RECOMMEND_FOR_SHORTLIST,21,17,0.8095,9,9,0,4,483.7,PENDING_TILE_DOWNLOAD,,0,17/21 GPs COMPLETE (81%) | 9 new ERA5-Land cells | 484 km from Yelandur
6128,Sindagi,Vijayapura,RECOMMEND_FOR_SHORTLIST,16,14,0.875,10,10,0,7,543.0,PENDING_TILE_DOWNLOAD,,0,14/16 GPs COMPLETE (88%) | 10 new ERA5-Land cells | 543 km from Yelandur
6129,Chamarajanagar,Chamarajanagar,EXCLUDE,43,35,0.814,12,10,4,2,19.3,COMPUTED_FROM_LOCAL_GLO30,228.6,2,distance to Yelandur 19.3 km < 50 km
6130,Gundlupet,Chamarajanagar,EXCLUDE,34,25,0.7353,12,12,0,6,50.5,COMPUTED_FROM_LOCAL_GLO30,223.1,1,COMPLETE spatial-proxy share 0.74 < 0.8
6131,Kollegala,Chamarajanagar,EXCLUDE,16,16,1.0,8,6,3,4,16.7,COMPUTED_FROM_LOCAL_GLO30,270.0,0,distance to Yelandur 16.7 km < 50 km
6132,Yelandur,Chamarajanagar,FROZEN_EXISTING,12,10,0.8333,4,0,0,1,0.0,COMPUTED_FROM_LOCAL_GLO30,517.7,0,Yelandur is the frozen Phase 2D experiment; not a Stage 4 candidate.
6133,Chikkamagaluru,Chikkamagaluru,RECOMMEND_FOR_SHORTLIST,47,43,0.9149,17,17,0,3,201.2,PENDING_TILE_DOWNLOAD,,0,43/47 GPs COMPLETE (91%) | 17 new ERA5-Land cells | 201 km from Yelandur
6134,Kadur,Chikkamagaluru,RECOMMEND_FOR_SHORTLIST,60,50,0.8333,16,16,0,5,196.6,PENDING_TILE_DOWNLOAD,,0,50/60 GPs COMPLETE (83%) | 16 new ERA5-Land cells | 197 km from Yelandur
6135,Koppa,Chikkamagaluru,RECOMMEND_FOR_SHORTLIST,22,21,0.9545,9,9,0,3,246.0,PENDING_TILE_DOWNLOAD,,0,21/22 GPs COMPLETE (95%) | 9 new ERA5-Land cells | 246 km from Yelandur
6136,Mudigere,Chikkamagaluru,RECOMMEND_FOR_SHORTLIST,23,23,1.0,9,9,0,2,199.5,PENDING_TILE_DOWNLOAD,,0,23/23 GPs COMPLETE (100%) | 9 new ERA5-Land cells | 200 km from Yelandur
6137,Narasimharajapura,Chikkamagaluru,RECOMMEND_FOR_SHORTLIST,14,12,0.8571,8,8,0,5,236.0,PENDING_TILE_DOWNLOAD,,0,12/14 GPs COMPLETE (86%) | 8 new ERA5-Land cells | 236 km from Yelandur
6138,Sringeri,Chikkamagaluru,RECOMMEND_FOR_SHORTLIST,9,9,1.0,5,5,0,2,249.5,PENDING_TILE_DOWNLOAD,,0,9/9 GPs COMPLETE (100%) | 5 new ERA5-Land cells | 249 km from Yelandur
6139,Tarikere,Chikkamagaluru,EXCLUDE,26,19,0.7308,10,10,0,4,227.9,PENDING_TILE_DOWNLOAD,,0,COMPLETE spatial-proxy share 0.73 < 0.8
6140,Challakere,Chitradurga,CONDITIONAL,40,34,0.85,19,19,0,9,260.3,PENDING_TILE_DOWNLOAD,,2,34/40 GPs COMPLETE (85%) | 19 new ERA5-Land cells | 260 km from Yelandur | 2 new cell centre(s) outside Karnataka village polygons (possible sea / other-state cell; ERA5-Land land-sea mask not checked)
6141,Chitradurga,Chitradurga,EXCLUDE,38,20,0.5263,11,11,0,6,257.3,PENDING_TILE_DOWNLOAD,,0,COMPLETE spatial-proxy share 0.53 < 0.8
6142,Hiriyur,Chitradurga,RECOMMEND_FOR_SHORTLIST,33,29,0.8788,14,14,0,4,219.8,PENDING_TILE_DOWNLOAD,,0,29/33 GPs COMPLETE (88%) | 14 new ERA5-Land cells | 220 km from Yelandur
6143,Holalkere,Chitradurga,EXCLUDE,29,23,0.7931,11,11,0,5,241.4,PENDING_TILE_DOWNLOAD,,0,COMPLETE spatial-proxy share 0.79 < 0.8
6144,Hosdurga,Chitradurga,EXCLUDE,33,24,0.7273,13,13,0,7,208.3,PENDING_TILE_DOWNLOAD,,0,COMPLETE spatial-proxy share 0.73 < 0.8
6145,Molakalmuru,Chitradurga,EXCLUDE,16,12,0.75,7,7,0,3,302.9,PENDING_TILE_DOWNLOAD,,0,COMPLETE spatial-proxy share 0.75 < 0.8
6146,Bantval,Dakshina Kannada,CONDITIONAL,51,49,0.9608,12,12,0,3,232.8,PENDING_TILE_DOWNLOAD,,1,49/51 GPs COMPLETE (96%) | 12 new ERA5-Land cells | 233 km from Yelandur | 1 new cell centre(s) outside Karnataka village polygons (possible sea / other-state cell; ERA5-Land land-sea mask not checked)
6147,Beltangadi,Dakshina Kannada,RECOMMEND_FOR_SHORTLIST,48,48,1.0,13,13,0,1,219.1,PENDING_TILE_DOWNLOAD,,0,48/48 GPs COMPLETE (100%) | 13 new ERA5-Land cells | 219 km from Yelandur
6148,Mangaluru,Dakshina Kannada,EXCLUDE,20,12,0.6,5,5,0,2,252.7,PENDING_TILE_DOWNLOAD,,0,COMPLETE spatial-proxy share 0.60 < 0.8
6149,Puttur,Dakshina Kannada,CONDITIONAL,22,22,1.0,7,7,0,1,211.9,PENDING_TILE_DOWNLOAD,,1,22/22 GPs COMPLETE (100%) | 7 new ERA5-Land cells | 212 km from Yelandur | 1 new cell centre(s) outside Karnataka village polygons (possible sea / other-state cell; ERA5-Land land-sea mask not checked)
6150,Sulya,Dakshina Kannada,CONDITIONAL,25,25,1.0,11,11,0,5,186.7,PENDING_TILE_DOWNLOAD,,1,25/25 GPs COMPLETE (100%) | 11 new ERA5-Land cells | 187 km from Yelandur | 1 new cell centre(s) outside Karnataka village polygons (possible sea / other-state cell; ERA5-Land land-sea mask not checked)
6151,Channagiri,Davangere,RECOMMEND_FOR_SHORTLIST,61,52,0.8525,12,12,0,3,258.0,PENDING_TILE_DOWNLOAD,,0,52/61 GPs COMPLETE (85%) | 12 new ERA5-Land cells | 258 km from Yelandur
6152,Davanagere,Davangere,RECOMMEND_FOR_SHORTLIST,42,35,0.8333,10,10,0,2,285.5,PENDING_TILE_DOWNLOAD,,0,35/42 GPs COMPLETE (83%) | 10 new ERA5-Land cells | 285 km from Yelandur
6153,Harappanahalli,Vijayanagara,RECOMMEND_FOR_SHORTLIST,37,31,0.8378,15,15,0,6,316.6,PENDING_TILE_DOWNLOAD,,0,31/37 GPs COMPLETE (84%) | 15 new ERA5-Land cells | 317 km from Yelandur
6154,Harihara,Davangere,RECOMMEND_FOR_SHORTLIST,23,23,1.0,10,10,0,6,299.7,PENDING_TILE_DOWNLOAD,,0,23/23 GPs COMPLETE (100%) | 10 new ERA5-Land cells | 300 km from Yelandur
6155,Honnali,Davangere,RECOMMEND_FOR_SHORTLIST,29,24,0.8276,8,8,0,1,283.4,PENDING_TILE_DOWNLOAD,,0,24/29 GPs COMPLETE (83%) | 8 new ERA5-Land cells | 283 km from Yelandur
6156,Jagalur,Davangere,EXCLUDE,22,17,0.7727,10,10,0,5,290.5,PENDING_TILE_DOWNLOAD,,0,COMPLETE spatial-proxy share 0.77 < 0.8
6157,Dharwad,Dharwad,RECOMMEND_FOR_SHORTLIST,36,29,0.8056,10,10,0,4,446.1,PENDING_TILE_DOWNLOAD,,0,29/36 GPs COMPLETE (81%) | 10 new ERA5-Land cells | 446 km from Yelandur
6158,Hubballi,Dharwad,RECOMMEND_FOR_SHORTLIST,26,26,1.0,9,9,0,2,415.5,PENDING_TILE_DOWNLOAD,,0,26/26 GPs COMPLETE (100%) | 9 new ERA5-Land cells | 415 km from Yelandur
6159,Kalghatgi,Dharwad,RECOMMEND_FOR_SHORTLIST,28,24,0.8571,8,8,0,3,415.8,PENDING_TILE_DOWNLOAD,,0,24/28 GPs COMPLETE (86%) | 8 new ERA5-Land cells | 416 km from Yelandur
6160,Kundgol,Dharwad,RECOMMEND_FOR_SHORTLIST,27,24,0.8889,9,9,0,2,398.8,PENDING_TILE_DOWNLOAD,,0,24/27 GPs COMPLETE (89%) | 9 new ERA5-Land cells | 399 km from Yelandur
6161,Navalgund,Dharwad,RECOMMEND_FOR_SHORTLIST,16,16,1.0,8,8,0,4,437.9,PENDING_TILE_DOWNLOAD,,0,16/16 GPs COMPLETE (100%) | 8 new ERA5-Land cells | 438 km from Yelandur
6162,Gadag,Gadag,EXCLUDE,27,21,0.7778,11,11,0,3,409.3,PENDING_TILE_DOWNLOAD,,0,COMPLETE spatial-proxy share 0.78 < 0.8
6163,Mundaragi,Gadag,EXCLUDE,19,12,0.6316,8,8,0,4,375.8,PENDING_TILE_DOWNLOAD,,0,COMPLETE spatial-proxy share 0.63 < 0.8
6164,Naragund,Gadag,RECOMMEND_FOR_SHORTLIST,13,13,1.0,7,7,0,2,448.7,PENDING_TILE_DOWNLOAD,,0,13/13 GPs COMPLETE (100%) | 7 new ERA5-Land cells | 449 km from Yelandur
6165,Ron,Gadag,RECOMMEND_FOR_SHORTLIST,22,21,0.9545,10,10,0,5,433.4,PENDING_TILE_DOWNLOAD,,0,21/22 GPs COMPLETE (95%) | 10 new ERA5-Land cells | 433 km from Yelandur
6166,Shirahatti,Gadag,EXCLUDE,14,11,0.7857,5,5,0,2,369.5,PENDING_TILE_DOWNLOAD,,0,COMPLETE spatial-proxy share 0.79 < 0.8
6167,Afzalpur,Kalaburagi,RECOMMEND_FOR_SHORTLIST,28,26,0.9286,13,13,0,5,580.8,PENDING_TILE_DOWNLOAD,,0,26/28 GPs COMPLETE (93%) | 13 new ERA5-Land cells | 581 km from Yelandur
6168,Aland,Kalaburagi,RECOMMEND_FOR_SHORTLIST,42,37,0.881,16,16,0,5,611.8,PENDING_TILE_DOWNLOAD,,0,37/42 GPs COMPLETE (88%) | 16 new ERA5-Land cells | 612 km from Yelandur
6169,Chincholi,Kalaburagi,RECOMMEND_FOR_SHORTLIST,27,24,0.8889,11,11,0,6,600.9,PENDING_TILE_DOWNLOAD,,0,24/27 GPs COMPLETE (89%) | 11 new ERA5-Land cells | 601 km from Yelandur
6170,Chitapur,Kalaburagi,RECOMMEND_FOR_SHORTLIST,24,20,0.8333,11,11,0,5,556.5,PENDING_TILE_DOWNLOAD,,0,20/24 GPs COMPLETE (83%) | 11 new ERA5-Land cells | 556 km from Yelandur
6171,Kalaburagi,Kalaburagi,RECOMMEND_FOR_SHORTLIST,28,27,0.9643,13,13,0,4,583.5,PENDING_TILE_DOWNLOAD,,0,27/28 GPs COMPLETE (96%) | 13 new ERA5-Land cells | 583 km from Yelandur
6172,Jevargi,Kalaburagi,RECOMMEND_FOR_SHORTLIST,25,24,0.96,15,15,0,7,554.3,PENDING_TILE_DOWNLOAD,,0,24/25 GPs COMPLETE (96%) | 15 new ERA5-Land cells | 554 km from Yelandur
6173,Sedam,Kalaburagi,CONDITIONAL,27,22,0.8148,11,11,0,3,558.0,PENDING_TILE_DOWNLOAD,,2,22/27 GPs COMPLETE (81%) | 11 new ERA5-Land cells | 558 km from Yelandur | 2 new cell centre(s) outside Karnataka village polygons (possible sea / other-state cell; ERA5-Land land-sea mask not checked)
6174,Shahapur,Yadgir,RECOMMEND_FOR_SHORTLIST,24,22,0.9167,13,13,0,7,517.8,PENDING_TILE_DOWNLOAD,,0,22/24 GPs COMPLETE (92%) | 13 new ERA5-Land cells | 518 km from Yelandur
6175,Shorapur,Yadgir,EXCLUDE,23,18,0.7826,11,11,0,7,501.3,PENDING_TILE_DOWNLOAD,,0,COMPLETE spatial-proxy share 0.78 < 0.8
6176,Yadgir,Yadgir,EXCLUDE,22,14,0.6364,9,9,0,4,519.6,PENDING_TILE_DOWNLOAD,,0,COMPLETE spatial-proxy share 0.64 < 0.8
6177,Alur,Hassan,RECOMMEND_FOR_SHORTLIST,15,12,0.8,4,4,0,1,155.3,PENDING_TILE_DOWNLOAD,,0,12/15 GPs COMPLETE (80%) | 4 new ERA5-Land cells | 155 km from Yelandur
6178,Arkalgud,Hassan,RECOMMEND_FOR_SHORTLIST,36,31,0.8611,10,10,0,4,126.8,PENDING_TILE_DOWNLOAD,,0,31/36 GPs COMPLETE (86%) | 10 new ERA5-Land cells | 127 km from Yelandur
6179,Arsikere,Hassan,EXCLUDE,45,31,0.6889,14,14,0,5,163.3,PENDING_TILE_DOWNLOAD,,0,COMPLETE spatial-proxy share 0.69 < 0.8
6180,Belur,Hassan,RECOMMEND_FOR_SHORTLIST,37,37,1.0,10,10,0,1,174.6,PENDING_TILE_DOWNLOAD,,0,37/37 GPs COMPLETE (100%) | 10 new ERA5-Land cells | 175 km from Yelandur
6181,Channarayapatna,Hassan,RECOMMEND_FOR_SHORTLIST,41,40,0.9756,12,12,0,3,121.8,PENDING_TILE_DOWNLOAD,,0,40/41 GPs COMPLETE (98%) | 12 new ERA5-Land cells | 122 km from Yelandur
6182,Hassan,Hassan,EXCLUDE,38,30,0.7895,13,13,0,6,145.9,PENDING_TILE_DOWNLOAD,,0,COMPLETE spatial-proxy share 0.79 < 0.8
6183,Holenarsipur,Hassan,RECOMMEND_FOR_SHORTLIST,26,25,0.9615,7,7,0,1,118.9,COMPUTED_FROM_LOCAL_GLO30,75.3,0,25/26 GPs COMPLETE (96%) | 7 new ERA5-Land cells | 119 km from Yelandur
6184,Sakaleshpur,Hassan,RECOMMEND_FOR_SHORTLIST,26,26,1.0,13,13,0,5,165.8,PENDING_TILE_DOWNLOAD,,0,26/26 GPs COMPLETE (100%) | 13 new ERA5-Land cells | 166 km from Yelandur
6185,Byadgi,Haveri,RECOMMEND_FOR_SHORTLIST,21,18,0.8571,6,6,0,1,340.6,PENDING_TILE_DOWNLOAD,,0,18/21 GPs COMPLETE (86%) | 6 new ERA5-Land cells | 341 km from Yelandur
6186,Hanagal,Haveri,RECOMMEND_FOR_SHORTLIST,42,36,0.8571,10,10,0,2,362.9,PENDING_TILE_DOWNLOAD,,0,36/42 GPs COMPLETE (86%) | 10 new ERA5-Land cells | 363 km from Yelandur
6187,Haveri,Haveri,RECOMMEND_FOR_SHORTLIST,33,30,0.9091,10,10,0,2,353.3,PENDING_TILE_DOWNLOAD,,0,30/33 GPs COMPLETE (91%) | 10 new ERA5-Land cells | 353 km from Yelandur
6188,Hirekerur,Haveri,RECOMMEND_FOR_SHORTLIST,19,18,0.9474,7,7,0,3,331.1,PENDING_TILE_DOWNLOAD,,0,18/19 GPs COMPLETE (95%) | 7 new ERA5-Land cells | 331 km from Yelandur
6189,Ranebennur,Haveri,RECOMMEND_FOR_SHORTLIST,40,36,0.9,13,13,0,3,320.7,PENDING_TILE_DOWNLOAD,,0,36/40 GPs COMPLETE (90%) | 13 new ERA5-Land cells | 321 km from Yelandur
6190,Savanur,Haveri,RECOMMEND_FOR_SHORTLIST,21,19,0.9048,6,6,0,0,368.9,PENDING_TILE_DOWNLOAD,,0,19/21 GPs COMPLETE (90%) | 6 new ERA5-Land cells | 369 km from Yelandur
6191,Shiggaon,Haveri,RECOMMEND_FOR_SHORTLIST,28,26,0.9286,9,9,0,3,384.7,PENDING_TILE_DOWNLOAD,,0,26/28 GPs COMPLETE (93%) | 9 new ERA5-Land cells | 385 km from Yelandur
6192,Madikeri,Kodagu,EXCLUDE,26,10,0.3846,7,7,0,4,153.8,PENDING_TILE_DOWNLOAD,,0,COMPLETE spatial-proxy share 0.38 < 0.8
6193,Somvarpet,Kodagu,EXCLUDE,23,4,0.1739,3,3,0,2,150.9,PENDING_TILE_DOWNLOAD,,0,COMPLETE spatial-proxy share 0.17 < 0.8
6194,Virajpet,Kodagu,EXCLUDE,17,11,0.6471,6,6,0,3,138.6,PENDING_TILE_DOWNLOAD,,0,COMPLETE spatial-proxy share 0.65 < 0.8
6195,Bagepalli,Chikballapur,CONDITIONAL,16,13,0.8125,6,6,0,2,212.8,PENDING_TILE_DOWNLOAD,,1,13/16 GPs COMPLETE (81%) | 6 new ERA5-Land cells | 213 km from Yelandur | 1 new cell centre(s) outside Karnataka village polygons (possible sea / other-state cell; ERA5-Land land-sea mask not checked)
6196,Bangarapet,Kolar,CONDITIONAL,21,18,0.8571,8,8,0,2,156.0,PENDING_TILE_DOWNLOAD,,1,18/21 GPs COMPLETE (86%) | 8 new ERA5-Land cells | 156 km from Yelandur | 1 new cell centre(s) outside Karnataka village polygons (possible sea / other-state cell; ERA5-Land land-sea mask not checked)
6197,Chikballapur,Chikballapur,RECOMMEND_FOR_SHORTLIST,23,20,0.8696,7,7,0,1,174.1,PENDING_TILE_DOWNLOAD,,0,20/23 GPs COMPLETE (87%) | 7 new ERA5-Land cells | 174 km from Yelandur
6198,Chintamani,Chikballapur,RECOMMEND_FOR_SHORTLIST,32,26,0.8125,11,11,0,4,187.6,PENDING_TILE_DOWNLOAD,,0,26/32 GPs COMPLETE (81%) | 11 new ERA5-Land cells | 188 km from Yelandur
6199,Gauribidanur,Chikballapur,CONDITIONAL,31,26,0.8387,9,9,0,2,180.1,PENDING_TILE_DOWNLOAD,,1,26/31 GPs COMPLETE (84%) | 9 new ERA5-Land cells | 180 km from Yelandur | 1 new cell centre(s) outside Karnataka village polygons (possible sea / other-state cell; ERA5-Land land-sea mask not checked)
6200,Gudibanda,Chikballapur,EXCLUDE,8,3,0.375,2,2,0,1,195.4,PENDING_TILE_DOWNLOAD,,1,COMPLETE spatial-proxy share 0.38 < 0.8 | 2 new ERA5-Land cells < 3
6201,Kolar,Kolar,RECOMMEND_FOR_SHORTLIST,34,33,0.9706,10,10,0,2,167.6,PENDING_TILE_DOWNLOAD,,0,33/34 GPs COMPLETE (97%) | 10 new ERA5-Land cells | 168 km from Yelandur
6202,Malur,Kolar,RECOMMEND_FOR_SHORTLIST,28,25,0.8929,8,8,0,1,141.6,PENDING_TILE_DOWNLOAD,,0,25/28 GPs COMPLETE (89%) | 8 new ERA5-Land cells | 142 km from Yelandur
6203,Mulbagal,Kolar,CONDITIONAL,30,28,0.9333,10,10,0,2,192.7,PENDING_TILE_DOWNLOAD,,1,28/30 GPs COMPLETE (93%) | 10 new ERA5-Land cells | 193 km from Yelandur | 1 new cell centre(s) outside Karnataka village polygons (possible sea / other-state cell; ERA5-Land land-sea mask not checked)
6204,Sidlaghatta,Chikballapur,RECOMMEND_FOR_SHORTLIST,28,24,0.8571,7,7,0,1,175.0,PENDING_TILE_DOWNLOAD,,0,24/28 GPs COMPLETE (86%) | 7 new ERA5-Land cells | 175 km from Yelandur
6205,Srinivaspur,Kolar,CONDITIONAL,25,25,1.0,10,10,0,2,199.0,PENDING_TILE_DOWNLOAD,,2,25/25 GPs COMPLETE (100%) | 10 new ERA5-Land cells | 199 km from Yelandur | 2 new cell centre(s) outside Karnataka village polygons (possible sea / other-state cell; ERA5-Land land-sea mask not checked)
6206,Gangavathi,Koppal,RECOMMEND_FOR_SHORTLIST,18,18,1.0,6,6,0,1,383.2,PENDING_TILE_DOWNLOAD,,0,18/18 GPs COMPLETE (100%) | 6 new ERA5-Land cells | 383 km from Yelandur
6207,Koppal,Koppal,RECOMMEND_FOR_SHORTLIST,38,38,1.0,15,15,0,5,378.7,PENDING_TILE_DOWNLOAD,,0,38/38 GPs COMPLETE (100%) | 15 new ERA5-Land cells | 379 km from Yelandur
6208,Kushtagi,Koppal,RECOMMEND_FOR_SHORTLIST,36,33,0.9167,17,17,0,6,432.9,PENDING_TILE_DOWNLOAD,,0,33/36 GPs COMPLETE (92%) | 17 new ERA5-Land cells | 433 km from Yelandur
6209,Yelburga,Koppal,RECOMMEND_FOR_SHORTLIST,22,22,1.0,10,10,0,2,412.2,PENDING_TILE_DOWNLOAD,,0,22/22 GPs COMPLETE (100%) | 10 new ERA5-Land cells | 412 km from Yelandur
6210,Krishnarajpet,Mandya,RECOMMEND_FOR_SHORTLIST,34,30,0.8824,10,10,0,2,93.3,COMPUTED_FROM_LOCAL_GLO30,155.9,0,30/34 GPs COMPLETE (88%) | 10 new ERA5-Land cells | 93 km from Yelandur
6211,Maddur,Mandya,RECOMMEND_FOR_SHORTLIST,42,40,0.9524,10,10,0,4,60.1,COMPUTED_FROM_LOCAL_GLO30,66.2,0,40/42 GPs COMPLETE (95%) | 10 new ERA5-Land cells | 60 km from Yelandur
6212,Malvalli,Mandya,EXCLUDE,39,37,0.9487,10,10,0,2,35.9,COMPUTED_FROM_LOCAL_GLO30,132.9,0,distance to Yelandur 35.9 km < 50 km
6213,Mandya,Mandya,RECOMMEND_FOR_SHORTLIST,46,44,0.9565,9,9,0,2,61.2,COMPUTED_FROM_LOCAL_GLO30,166.2,0,44/46 GPs COMPLETE (96%) | 9 new ERA5-Land cells | 61 km from Yelandur
6214,Nagamangala,Mandya,RECOMMEND_FOR_SHORTLIST,27,27,1.0,11,11,0,2,95.8,PENDING_TILE_DOWNLOAD,,0,27/27 GPs COMPLETE (100%) | 11 new ERA5-Land cells | 96 km from Yelandur
6215,Pandavapura,Mandya,RECOMMEND_FOR_SHORTLIST,24,21,0.875,9,9,0,6,69.6,COMPUTED_FROM_LOCAL_GLO30,271.8,0,21/24 GPs COMPLETE (88%) | 9 new ERA5-Land cells | 70 km from Yelandur
6216,Shrirangapattana,Mandya,RECOMMEND_FOR_SHORTLIST,21,20,0.9524,7,7,0,3,53.3,COMPUTED_FROM_LOCAL_GLO30,81.1,0,20/21 GPs COMPLETE (95%) | 7 new ERA5-Land cells | 53 km from Yelandur
6217,Heggadadevankote,Mysuru,RECOMMEND_FOR_SHORTLIST,26,25,0.9615,12,12,0,5,78.1,COMPUTED_FROM_LOCAL_GLO30,89.4,0,25/26 GPs COMPLETE (96%) | 12 new ERA5-Land cells | 78 km from Yelandur
6218,Hunsur,Mysuru,RECOMMEND_FOR_SHORTLIST,41,36,0.878,11,11,0,2,86.5,COMPUTED_FROM_LOCAL_GLO30,119.3,0,36/41 GPs COMPLETE (88%) | 11 new ERA5-Land cells | 87 km from Yelandur
6219,Krishnarajanagara,Mysuru,RECOMMEND_FOR_SHORTLIST,15,14,0.9333,4,4,0,2,89.9,COMPUTED_FROM_LOCAL_GLO30,57.1,0,14/15 GPs COMPLETE (93%) | 4 new ERA5-Land cells | 90 km from Yelandur
6220,Mysuru,Mysuru,EXCLUDE,27,19,0.7037,9,9,0,4,52.0,COMPUTED_FROM_LOCAL_GLO30,143.8,0,COMPLETE spatial-proxy share 0.70 < 0.8
6221,Nanjangud,Mysuru,EXCLUDE,45,42,0.9333,13,13,1,2,42.2,COMPUTED_FROM_LOCAL_GLO30,161.8,0,distance to Yelandur 42.2 km < 50 km
6222,Piriyapatna,Mysuru,RECOMMEND_FOR_SHORTLIST,34,32,0.9412,8,8,0,1,114.2,PENDING_TILE_DOWNLOAD,,0,32/34 GPs COMPLETE (94%) | 8 new ERA5-Land cells | 114 km from Yelandur
6223,Tirumakudal-Narsipur,Mysuru,EXCLUDE,35,31,0.8857,10,9,4,4,29.5,COMPUTED_FROM_LOCAL_GLO30,67.8,0,distance to Yelandur 29.5 km < 50 km
6224,Devadurga,Raichur,RECOMMEND_FOR_SHORTLIST,33,32,0.9697,17,17,0,7,475.5,PENDING_TILE_DOWNLOAD,,0,32/33 GPs COMPLETE (97%) | 17 new ERA5-Land cells | 475 km from Yelandur
6225,Lingsugur,Raichur,RECOMMEND_FOR_SHORTLIST,30,29,0.9667,15,15,0,6,459.0,PENDING_TILE_DOWNLOAD,,0,29/30 GPs COMPLETE (97%) | 15 new ERA5-Land cells | 459 km from Yelandur
6226,Manvi,Raichur,CONDITIONAL,17,16,0.9412,11,11,0,7,437.8,PENDING_TILE_DOWNLOAD,,1,16/17 GPs COMPLETE (94%) | 11 new ERA5-Land cells | 438 km from Yelandur | 1 new cell centre(s) outside Karnataka village polygons (possible sea / other-state cell; ERA5-Land land-sea mask not checked)
6227,Raichur,Raichur,CONDITIONAL,34,34,1.0,16,16,0,6,456.8,PENDING_TILE_DOWNLOAD,,4,34/34 GPs COMPLETE (100%) | 16 new ERA5-Land cells | 457 km from Yelandur | 4 new cell centre(s) outside Karnataka village polygons (possible sea / other-state cell; ERA5-Land land-sea mask not checked)
6228,Sindhanur,Raichur,RECOMMEND_FOR_SHORTLIST,30,28,0.9333,17,17,0,11,413.5,PENDING_TILE_DOWNLOAD,,0,28/30 GPs COMPLETE (93%) | 17 new ERA5-Land cells | 414 km from Yelandur
6229,Bhadravati,Shivamogga,RECOMMEND_FOR_SHORTLIST,39,37,0.9487,9,9,0,2,252.9,PENDING_TILE_DOWNLOAD,,0,37/39 GPs COMPLETE (95%) | 9 new ERA5-Land cells | 253 km from Yelandur
6230,Hosanagara,Shivamogga,RECOMMEND_FOR_SHORTLIST,30,26,0.8667,13,13,0,5,293.5,PENDING_TILE_DOWNLOAD,,0,26/30 GPs COMPLETE (87%) | 13 new ERA5-Land cells | 293 km from Yelandur
6231,Sagar,Shivamogga,EXCLUDE,35,24,0.6857,12,12,0,5,319.6,PENDING_TILE_DOWNLOAD,,0,COMPLETE spatial-proxy share 0.69 < 0.8
6232,Shikarpur,Shivamogga,RECOMMEND_FOR_SHORTLIST,43,41,0.9535,11,11,0,3,313.7,PENDING_TILE_DOWNLOAD,,0,41/43 GPs COMPLETE (95%) | 11 new ERA5-Land cells | 314 km from Yelandur
6233,Shivamogga,Shivamogga,EXCLUDE,42,32,0.7619,13,13,0,5,271.0,PENDING_TILE_DOWNLOAD,,0,COMPLETE spatial-proxy share 0.76 < 0.8
6234,Sorab,Shivamogga,RECOMMEND_FOR_SHORTLIST,35,34,0.9714,13,13,0,3,340.4,PENDING_TILE_DOWNLOAD,,0,34/35 GPs COMPLETE (97%) | 13 new ERA5-Land cells | 340 km from Yelandur
6235,Tirthahalli,Shivamogga,RECOMMEND_FOR_SHORTLIST,38,38,1.0,15,15,0,6,268.6,PENDING_TILE_DOWNLOAD,,0,38/38 GPs COMPLETE (100%) | 15 new ERA5-Land cells | 269 km from Yelandur
6236,Chiknayakanhalli,Tumakuru,RECOMMEND_FOR_SHORTLIST,27,27,1.0,14,14,0,7,170.4,PENDING_TILE_DOWNLOAD,,0,27/27 GPs COMPLETE (100%) | 14 new ERA5-Land cells | 170 km from Yelandur
6237,Gubbi,Tumakuru,RECOMMEND_FOR_SHORTLIST,34,32,0.9412,12,12,0,4,141.9,PENDING_TILE_DOWNLOAD,,0,32/34 GPs COMPLETE (94%) | 12 new ERA5-Land cells | 142 km from Yelandur
6238,Koratagere,Tumakuru,RECOMMEND_FOR_SHORTLIST,24,24,1.0,9,9,0,4,162.2,PENDING_TILE_DOWNLOAD,,0,24/24 GPs COMPLETE (100%) | 9 new ERA5-Land cells | 162 km from Yelandur
6239,Kunigal,Tumakuru,RECOMMEND_FOR_SHORTLIST,36,36,1.0,11,11,0,2,99.3,PENDING_TILE_DOWNLOAD,,0,36/36 GPs COMPLETE (100%) | 11 new ERA5-Land cells | 99 km from Yelandur
6240,Madhugiri,Tumakuru,CONDITIONAL,39,37,0.9487,14,14,0,6,187.4,PENDING_TILE_DOWNLOAD,,3,37/39 GPs COMPLETE (95%) | 14 new ERA5-Land cells | 187 km from Yelandur | 3 new cell centre(s) outside Karnataka village polygons (possible sea / other-state cell; ERA5-Land land-sea mask not checked)
6241,Pavagada,Tumakuru,EXCLUDE,34,27,0.7941,14,14,0,7,233.7,PENDING_TILE_DOWNLOAD,,3,COMPLETE spatial-proxy share 0.79 < 0.8
6242,Sira,Tumakuru,CONDITIONAL,42,42,1.0,16,16,0,3,191.2,PENDING_TILE_DOWNLOAD,,2,42/42 GPs COMPLETE (100%) | 16 new ERA5-Land cells | 191 km from Yelandur | 2 new cell centre(s) outside Karnataka village polygons (possible sea / other-state cell; ERA5-Land land-sea mask not checked)
6243,Tiptur,Tumakuru,RECOMMEND_FOR_SHORTLIST,26,25,0.9615,10,10,0,3,147.4,PENDING_TILE_DOWNLOAD,,0,25/26 GPs COMPLETE (96%) | 10 new ERA5-Land cells | 147 km from Yelandur
6244,Tumakuru,Tumakuru,RECOMMEND_FOR_SHORTLIST,41,39,0.9512,12,12,0,2,141.6,PENDING_TILE_DOWNLOAD,,0,39/41 GPs COMPLETE (95%) | 12 new ERA5-Land cells | 142 km from Yelandur
6245,Turuvekere,Tumakuru,RECOMMEND_FOR_SHORTLIST,27,27,1.0,12,12,0,6,128.5,PENDING_TILE_DOWNLOAD,,0,27/27 GPs COMPLETE (100%) | 12 new ERA5-Land cells | 128 km from Yelandur
6246,Karkal,Udupi,RECOMMEND_FOR_SHORTLIST,27,27,1.0,9,9,0,1,260.9,PENDING_TILE_DOWNLOAD,,0,27/27 GPs COMPLETE (100%) | 9 new ERA5-Land cells | 261 km from Yelandur
6247,Kundapura,Udupi,RECOMMEND_FOR_SHORTLIST,45,44,0.9778,10,10,0,3,305.2,PENDING_TILE_DOWNLOAD,,0,44/45 GPs COMPLETE (98%) | 10 new ERA5-Land cells | 305 km from Yelandur
6248,Udupi,Udupi,EXCLUDE,16,11,0.6875,6,6,0,3,283.3,PENDING_TILE_DOWNLOAD,,1,COMPLETE spatial-proxy share 0.69 < 0.8
6249,Ankola,Uttara Kannada,RECOMMEND_FOR_SHORTLIST,21,18,0.8571,8,8,0,4,411.1,PENDING_TILE_DOWNLOAD,,0,18/21 GPs COMPLETE (86%) | 8 new ERA5-Land cells | 411 km from Yelandur
6250,Bhatkal,Uttara Kannada,CONDITIONAL,16,16,1.0,5,5,0,2,349.1,PENDING_TILE_DOWNLOAD,,1,16/16 GPs COMPLETE (100%) | 5 new ERA5-Land cells | 349 km from Yelandur | 1 new cell centre(s) outside Karnataka village polygons (possible sea / other-state cell; ERA5-Land land-sea mask not checked) | 2 COMPLETE GP(s) contain a village LGD maps to >1 GP
6251,Haliyal,Uttara Kannada,RECOMMEND_FOR_SHORTLIST,20,20,1.0,8,8,0,2,437.8,PENDING_TILE_DOWNLOAD,,0,20/20 GPs COMPLETE (100%) | 8 new ERA5-Land cells | 438 km from Yelandur
6252,Honavar,Uttara Kannada,CONDITIONAL,26,26,1.0,9,9,0,3,369.6,PENDING_TILE_DOWNLOAD,,1,26/26 GPs COMPLETE (100%) | 9 new ERA5-Land cells | 370 km from Yelandur | 1 new cell centre(s) outside Karnataka village polygons (possible sea / other-state cell; ERA5-Land land-sea mask not checked)
6253,Karwar,Uttara Kannada,RECOMMEND_FOR_SHORTLIST,18,16,0.8889,6,6,0,1,437.0,PENDING_TILE_DOWNLOAD,,0,16/18 GPs COMPLETE (89%) | 6 new ERA5-Land cells | 437 km from Yelandur
6254,Kumta,Uttara Kannada,CONDITIONAL,22,21,0.9545,8,8,0,2,392.8,PENDING_TILE_DOWNLOAD,,1,21/22 GPs COMPLETE (95%) | 8 new ERA5-Land cells | 393 km from Yelandur | 1 new cell centre(s) outside Karnataka village polygons (possible sea / other-state cell; ERA5-Land land-sea mask not checked)
6255,Mundgod,Uttara Kannada,RECOMMEND_FOR_SHORTLIST,16,16,1.0,10,10,0,6,388.3,PENDING_TILE_DOWNLOAD,,0,16/16 GPs COMPLETE (100%) | 10 new ERA5-Land cells | 388 km from Yelandur
6256,Siddapur,Uttara Kannada,RECOMMEND_FOR_SHORTLIST,23,23,1.0,11,11,0,5,355.7,PENDING_TILE_DOWNLOAD,,0,23/23 GPs COMPLETE (100%) | 11 new ERA5-Land cells | 356 km from Yelandur
6257,Sirsi,Uttara Kannada,RECOMMEND_FOR_SHORTLIST,32,28,0.875,13,13,0,5,375.7,PENDING_TILE_DOWNLOAD,,0,28/32 GPs COMPLETE (88%) | 13 new ERA5-Land cells | 376 km from Yelandur
6258,Supa,Uttara Kannada,CONDITIONAL,16,15,0.9375,15,15,0,15,451.9,PENDING_TILE_DOWNLOAD,,1,15/16 GPs COMPLETE (94%) | 15 new ERA5-Land cells | 452 km from Yelandur | 1 new cell centre(s) outside Karnataka village polygons (possible sea / other-state cell; ERA5-Land land-sea mask not checked)
6259,Yellapur,Uttara Kannada,EXCLUDE,15,11,0.7333,10,10,0,9,403.8,PENDING_TILE_DOWNLOAD,,0,COMPLETE spatial-proxy share 0.73 < 0.8
